-- MySQL dump 10.13  Distrib 8.0.32, for Win64 (x86_64)
--
-- Host: localhost    Database: animalshelter
-- ------------------------------------------------------
-- Server version	8.0.32

/*!40101 SET @OLD_CHARACTER_SET_CLIENT=@@CHARACTER_SET_CLIENT */;
/*!40101 SET @OLD_CHARACTER_SET_RESULTS=@@CHARACTER_SET_RESULTS */;
/*!40101 SET @OLD_COLLATION_CONNECTION=@@COLLATION_CONNECTION */;
/*!50503 SET NAMES utf8 */;
/*!40103 SET @OLD_TIME_ZONE=@@TIME_ZONE */;
/*!40103 SET TIME_ZONE='+00:00' */;
/*!40014 SET @OLD_UNIQUE_CHECKS=@@UNIQUE_CHECKS, UNIQUE_CHECKS=0 */;
/*!40014 SET @OLD_FOREIGN_KEY_CHECKS=@@FOREIGN_KEY_CHECKS, FOREIGN_KEY_CHECKS=0 */;
/*!40101 SET @OLD_SQL_MODE=@@SQL_MODE, SQL_MODE='NO_AUTO_VALUE_ON_ZERO' */;
/*!40111 SET @OLD_SQL_NOTES=@@SQL_NOTES, SQL_NOTES=0 */;

--
-- Table structure for table `adopter`
--

DROP TABLE IF EXISTS `adopter`;
/*!40101 SET @saved_cs_client     = @@character_set_client */;
/*!50503 SET character_set_client = utf8mb4 */;
CREATE TABLE `adopter` (
  `ID` int NOT NULL,
  `Name` varchar(50) NOT NULL,
  PRIMARY KEY (`ID`)
) ENGINE=InnoDB DEFAULT CHARSET=utf8mb4 COLLATE=utf8mb4_0900_ai_ci;
/*!40101 SET character_set_client = @saved_cs_client */;

--
-- Dumping data for table `adopter`
--

LOCK TABLES `adopter` WRITE;
/*!40000 ALTER TABLE `adopter` DISABLE KEYS */;
INSERT INTO `adopter` VALUES (80000,'Darice Doerrling'),(80003,'Karlan Gerssam'),(80006,'Donnell Vel'),(80009,'Lucila Fennelow'),(80012,'Margaretha Treasaden'),(80015,'Cynthea D\'Almeida'),(80018,'Lucy Nelhams'),(80021,'Traci Wooffinden'),(80024,'Bax Bennough'),(80027,'Jorie Ofield'),(80030,'Drud Symms'),(80033,'Linnell Penk'),(80036,'Daisie Dare'),(80039,'Chrissie Loosemore'),(80042,'Veriee Bertouloume'),(80045,'Trula Clemencon'),(80048,'Drugi Slora'),(80051,'Sid Argrave'),(80054,'Judith Austing'),(80057,'Terza Vaines'),(80060,'Vernen FitzAlan'),(80063,'Royce Pawlett'),(80066,'Daren Lye'),(80069,'Howey Marchant'),(80072,'Orrin Piggens'),(80075,'Theresita Garnham'),(80078,'Evita Clempton'),(80081,'Beatrice Trayhorn'),(80084,'Dalton Ivanitsa'),(80087,'Anthea Roxburgh'),(80090,'Paxon Lochhead'),(80093,'Borg Tallow'),(80096,'Vail McKune'),(80099,'Vite Smalman'),(80102,'Andra Minget'),(80105,'Orlan Needs'),(80108,'Adora Crowd'),(80111,'Matilde Vakhonin'),(80114,'Tybie Gairdner'),(80117,'Sapphira Rominov'),(80120,'Berget Bondley'),(80123,'Chandra Bontein'),(80126,'Ayn Teese'),(80129,'Ophelia Christmas'),(80132,'Cicily Templar'),(80135,'Nataline Culverhouse'),(80138,'Yasmeen Beeson'),(80141,'Pauline Breed'),(80144,'Noami Gurery'),(80147,'Ethyl Woolward'),(80150,'Gavrielle Crother'),(80153,'Corinne Gotcliffe'),(80156,'Justinian Paolillo'),(80159,'Aubert Gillimgham'),(80162,'Katrinka Endersby'),(80165,'Ulberto Nehlsen'),(80168,'Penny Reyna'),(80171,'Ade Ganiclef'),(80174,'Wallie McNally'),(80177,'Dorolice Ryhorovich'),(80180,'Cosimo Tunnock'),(80183,'Lem Saturley'),(80186,'Joachim Sandilands'),(80189,'Brianna Hawkeridge'),(80192,'Leeann Rosencwaig'),(80195,'Loren MacNaughton'),(80198,'Michaela Mouatt'),(80201,'Rosa Bundy'),(80204,'Shepard Lindborg'),(80207,'Feodor Tomaselli'),(80210,'Lisha Freezor'),(80213,'Pepillo Zapatero'),(80216,'Douglas Ortas'),(80219,'Tressa Caldow'),(80222,'Alasdair Dymock'),(80225,'Axel Jaqueme'),(80228,'Mufi Cuerda'),(80231,'Vanny Mangion'),(80234,'Agata Couling'),(80237,'Ezmeralda Ganforthe'),(80240,'Ula Yerrington'),(80243,'Rheba Blenkensop'),(80246,'Joycelin Teresi'),(80249,'Antonella Ishchenko'),(80252,'Juditha Trelevan'),(80255,'Brianna Hewins'),(80258,'Conrado Ormond'),(80261,'Adair Espadater'),(80264,'Clementius Irnys'),(80267,'Evelin Quaif'),(80270,'Norry Sabberton'),(80273,'Mack Bown'),(80276,'Eldredge Guilloton'),(80279,'Miof mela Thurby'),(80282,'Alex Withur'),(80285,'Onida Buckland'),(80288,'Amata Newlands'),(80291,'Jarib Bartke'),(80294,'Cindee Shepheard'),(80297,'Freeman Mehew'),(80300,'Maximilien Sabates'),(80303,'Madeleine Schwant'),(80306,'Meryl Cassin'),(80309,'Kippy Goodier'),(80312,'Willard Gouldthorp'),(80315,'Ambrosi Williamson'),(80318,'Harmon Hansley'),(80321,'Timoteo Randlesome'),(80324,'Elspeth Ellicombe'),(80327,'Gilemette Nelligan'),(80330,'Conrad Beauly'),(80333,'Martyn Lepoidevin'),(80336,'Coretta Owen'),(80339,'Vincents Furman'),(80342,'Olvan Janjusevic'),(80345,'Marijo Dorracott'),(80348,'Boigie Rosenfield'),(80351,'Devi Andrzejowski'),(80354,'Demott Neary'),(80357,'Francine Helversen'),(80360,'Nicolis Rosser'),(80363,'Jennine Milleton'),(80366,'Clareta Handy'),(80369,'Vite Cove'),(80372,'Gregoor Castiblanco'),(80375,'Hallie Fanshawe'),(80378,'Wanda Grimbaldeston'),(80381,'Dar Bullene'),(80384,'Collen Hendrichs'),(80387,'Ardella Hughland'),(80390,'Crystie Iles'),(80393,'Jodie Danit'),(80396,'Quinlan Greener'),(80399,'Misha Albrighton'),(80402,'Mariann Galpin'),(80405,'Latrena Leddie'),(80408,'Ashien Hedworth'),(80411,'Doll Skipsey'),(80414,'Godwin Clifford'),(80417,'Cory Feeley'),(80420,'Wandie Kave'),(80423,'Hakim Silberschatz'),(80426,'Stinky Dummett'),(80429,'Humbert Dominey'),(80432,'Saudra Andreasson'),(80435,'Millisent Garrow'),(80438,'Sanson Hindhaugh'),(80441,'Maddy Vanelli'),(80444,'Dallon Pohlke'),(80447,'Katusha Kluge'),(80450,'Lesya Marjoribanks'),(80453,'Bartel McAlarney'),(80456,'Lyndsay Lamberto'),(80459,'Chen Clampett'),(80462,'Nerita Barends'),(80465,'Andeee Alfonzo'),(80468,'Jock Apdell'),(80471,'Jocelyne Planque'),(80474,'Morten Corsor'),(80477,'Valdemar Gurton'),(80480,'Briggs Brunker'),(80483,'York Barmby'),(80486,'Agathe Iley'),(80489,'Jayson Ferriday'),(80492,'Elihu Tootal'),(80495,'Kimmi Hutchin'),(80498,'Weston Harby'),(80501,'Heidie Sanney'),(80504,'Hamish Bogaert'),(80507,'Leese Utley'),(80510,'Marian Sifleet'),(80513,'Christiana Fareweather'),(80516,'Des Leemans'),(80519,'Waylon Beveridge'),(80522,'Jimmie Rockhill'),(80525,'Elspeth Iacopo'),(80528,'Stinky Janas'),(80531,'Danit Orman'),(80534,'Jamil Grisdale'),(80537,'Rockwell Leheude'),(80540,'Aryn Strowther'),(80543,'Ddene Huntington'),(80546,'Catherina Ropking'),(80549,'Marrilee Rene'),(80552,'Christoph Loding'),(80555,'Archibold Regler'),(80558,'Oswell Poinsett'),(80561,'Stanfield Seczyk'),(80564,'Kellie Vowdon'),(80567,'Wallis Strowger'),(80570,'Dave Challiss'),(80573,'Shayne Olivie'),(80576,'Leonie Pallaske'),(80579,'Giulio Lunck'),(80582,'Beatrisa Jochanany'),(80585,'Inga Seine'),(80588,'Giralda Wheelband'),(80591,'Artemis McCoy'),(80594,'Leeanne Sommerfeld'),(80597,'Norbert Poulgreen'),(80600,'Graig Pellitt'),(80603,'Lorrie Maides'),(80606,'Irita Levick'),(80609,'Gussi Kliemchen'),(80612,'Ruggiero Petroselli'),(80615,'Verene Whetland'),(80618,'Moritz Thompstone'),(80621,'Casar Glendining'),(80624,'Sinclare Bough'),(80627,'Bathsheba Lenaghen'),(80630,'Eberhard Darey'),(80633,'Granny Knowler'),(80636,'Sibel Robillard'),(80639,'Richart McGreary'),(80642,'Walt Healing'),(80645,'Briny Castagnier'),(80648,'Fan Menlove'),(80651,'Ester Farran'),(80654,'Sanderson Davidde'),(80657,'Reed Coleman'),(80660,'Juli Crennell'),(80663,'Agnes Farthing'),(80666,'Chaddy Hulson'),(80669,'Amalea Sales'),(80672,'Luella Fauguel'),(80675,'Troy Ziemen'),(80678,'Lucita Matous'),(80681,'Nollie Gerrill'),(80684,'Karen Garber'),(80687,'Guthrey Huyton'),(80690,'Rory Ibarra'),(80693,'Roxane Gallaher'),(80696,'Mahala Iaduccelli'),(80699,'Gabi Ballaam'),(80702,'Deloris Quartermaine'),(80705,'Avie Ruddell'),(80708,'Hashim Riccione'),(80711,'Gennie Lafferty'),(80714,'Katheryn Dredge'),(80717,'Nannie O\'Driscoll'),(80720,'Feliza Huett'),(80723,'Chalmers Boldecke'),(80726,'Atalanta Abley'),(80729,'Helge Ales0'),(80732,'Florella Bram'),(80735,'Tedi Osband'),(80738,'Frans Wolpert'),(80741,'Elwyn Josovitz'),(80744,'Piggy Sumption'),(80747,'Yettie Duthie'),(80750,'Ralina holmes'),(80753,'Estella Eagling'),(80756,'Sutton Gabriel'),(80759,'Art Ferrini'),(80762,'Fernande Sawood'),(80765,'Casi Gouldthorp'),(80768,'Darcy Clark'),(80771,'Gil Ascough'),(80774,'Sinclare Dunklee'),(80777,'Bartlet Ivanyushkin'),(80780,'Chiarra Dibble'),(80783,'Katalin Creech'),(80786,'Wolfie Dunniom'),(80789,'Fredek Popplestone'),(80792,'Matt Toynbee'),(80795,'Nissa Christall'),(80798,'Antone Few'),(80801,'Julio Caulcutt'),(80804,'Francois Prate'),(80807,'Martin Samways'),(80810,'Dacia Allsup'),(80813,'Neilla Sarten'),(80816,'Kissiah Walsham'),(80819,'Adelle Vida'),(80822,'Lamond Chasemore'),(80825,'Gonzalo Stanway'),(80828,'Meggie Tschiersch'),(80831,'Rusty Madgett'),(80834,'Pauli Roscrigg'),(80837,'Ebba Jedrzej'),(80840,'Lolly Girardot'),(80843,'Ingaborg Coull'),(80846,'Kailey Raffin'),(80849,'Vere Graal'),(80852,'Nikolas Cockney'),(80855,'Jilli Penwell'),(80858,'Sisile Sach'),(80861,'Goldarina Swaine'),(80864,'Isaiah Beckley'),(80867,'Burnard Yesinin'),(80870,'Wynny Kainz'),(80873,'Kym Hugnet'),(80876,'Normand Janout'),(80879,'Sapphire Colwill'),(80882,'Pincus Lauthian'),(80885,'Baryram Moran'),(80888,'Alejandrina Rimmer'),(80891,'Val Iacomi'),(80894,'Alphard Yewdale'),(80897,'Dionisio McGaffey'),(80900,'Waylen Gilhooly'),(80903,'Koral Kener'),(80906,'Gabbie Dank'),(80909,'Koral Mellish'),(80912,'Fancie Raynes'),(80915,'Homer Bow'),(80918,'Florida McCafferky'),(80921,'Darline Pedroni'),(80924,'Benedick Grisdale'),(80927,'Leonerd Blythe'),(80930,'Hedwig Buttrick'),(80933,'Penn Schule'),(80936,'Muffin Epton'),(80939,'Chryste Sorbey'),(80942,'Jan Grimble'),(80945,'Roseann Cullen'),(80948,'Berky Follacaro'),(80951,'Gretel Fulk'),(80954,'Silvan Forstall'),(80957,'Beverlee Sheehan'),(80960,'Ernaline Syplus'),(80963,'Jermaine Windle'),(80966,'Wolfgang Renhard'),(80969,'Amalie Redemile'),(80972,'Jeni Blay'),(80975,'Alameda Brunke'),(80978,'Zelda Audas'),(80981,'Roddy Eriksson'),(80984,'Arlette Rubanenko'),(80987,'Benton Dymond'),(80990,'Suellen Espinos'),(80993,'Van Moffett'),(80996,'Valera Dedman'),(80999,'Jeannette Trace'),(81002,'Dimitri Graben'),(81005,'Win Tookey'),(81008,'Davey Burnup'),(81011,'Petronille Verduin'),(81014,'Grady Corser'),(81017,'Quill Ahlin'),(81020,'Georgy Roe'),(81023,'Mira Froment'),(81026,'Daron Pill'),(81029,'Tabbitha Horlock'),(81032,'Mada Chaffey'),(81035,'Cindi Lehrer'),(81038,'Petey Zapata'),(81041,'Tyrus Glasgow'),(81044,'Ginnifer Kieff'),(81047,'Jed Zorzini'),(81050,'Tove Jurkiewicz'),(81053,'Maribelle Mayoral'),(81056,'Daryle Camellini'),(81059,'Konrad Jayes'),(81062,'Iago Twentyman'),(81065,'Verna Hinks'),(81068,'Evy Rubke'),(81071,'Ardenia Anders'),(81074,'Pascale Cristol'),(81077,'Madelin Rozec'),(81080,'Perren Ferrettino'),(81083,'Odessa Engel'),(81086,'Guinevere Spafford'),(81089,'Martelle Shimoni'),(81092,'Misty Warwick'),(81095,'Nathalia O\'Sirin'),(81098,'Darelle Putland'),(81101,'Gilli Ciccotto'),(81104,'Yehudit Delatour'),(81107,'Lucille McCritchie'),(81110,'Fern Whitebread'),(81113,'Adah Peck'),(81116,'Mattias Peattie'),(81119,'Iris Margetson'),(81122,'Frankie Meese'),(81125,'Winifred Spendlove'),(81128,'Sherie Swithenby'),(81131,'Jermayne Shanahan'),(81134,'Stevena Cayford'),(81137,'Bengt Sidebottom'),(81140,'Desmond Orteaux'),(81143,'Kaspar Finnan'),(81146,'Dwayne Deschlein'),(81149,'Giselbert Colquhoun'),(81152,'Gram Woodcroft'),(81155,'Oby Fleisch'),(81158,'Jennica Hansel'),(81161,'Craig Kilban'),(81164,'Joseito Oleszczak'),(81167,'Frederico Lugden'),(81170,'Bren Musterd'),(81173,'Charmain Tezure'),(81176,'Corliss Paulich'),(81179,'Gennifer Schulter'),(81182,'Pollyanna Paget'),(81185,'Amabelle Crusham'),(81188,'Delmor Jenkin'),(81191,'Engelbert Crumley'),(81194,'Andeee Gyrgorcewicx'),(81197,'Cassey Bocke'),(81200,'Shelton Devil'),(81203,'Cozmo Gavrieli'),(81206,'Raimund Campione'),(81209,'Fletch Beade'),(81212,'Georges Taylerson'),(81215,'Demetria Dumingo'),(81218,'Abie Bocking'),(81221,'Levin Karpman'),(81224,'Bonni Trembath'),(81227,'Grata Crepin'),(81230,'Carmina Skase'),(81233,'King Lahy'),(81236,'Reeva Gergus'),(81239,'Lory Denial'),(81242,'Estrellita Balchen'),(81245,'Perkin Sleath'),(81248,'Breanne Cheney'),(81251,'Felicity Maidment'),(81254,'Blinny Prestie'),(81257,'Holt Shalders'),(81260,'Bo Thurske'),(81263,'Michelle Hazeley'),(81266,'Felike Scallan'),(81269,'Margette Glencros'),(81272,'Jaclin Bau'),(81275,'Leone Pawlicki'),(81278,'Ferguson Wiles'),(81281,'Lilias Orth'),(81284,'Clarie Clopton'),(81287,'Friedrich Patinkin'),(81290,'Philly Crimin'),(81293,'Kristi Stout'),(81296,'Alvan Mecozzi'),(81299,'Brigitta Linger'),(81302,'Sergeant Kase'),(81305,'Brandais Vynehall'),(81308,'Lilyan Risen'),(81311,'Karl Quirke'),(81314,'Korrie Hallick'),(81317,'Ginger Regis'),(81320,'Haydon Wanklyn'),(81323,'Zenia Rude'),(81326,'Dannye Widd'),(81329,'Aldwin Mityushin'),(81332,'Maurine Lavin'),(81335,'Thomasine Forshaw'),(81338,'Lauri Misken'),(81341,'Meris Prantoni'),(81344,'Pansy Cullivan'),(81347,'Quintilla Pallin'),(81350,'Kareem Lindenblatt'),(81353,'Trish Fantini'),(81356,'Lionel McGreal'),(81359,'Fonz Jovic'),(81362,'Loralie Dawidowitz'),(81365,'Bradly Jardein'),(81368,'Hayes Djurkovic'),(81371,'Lisabeth O\'Kinneally'),(81374,'Alexine Derrick'),(81377,'Orville Dykins'),(81380,'Giacobo Clair'),(81383,'Arabele Baline'),(81386,'Fredek Wesson'),(81389,'Tracee Earley'),(81392,'Marylin Robertot'),(81395,'Ursala Plaschke'),(81398,'Kathie Quartermain'),(81401,'Garrek Reffe'),(81404,'Jeth Bleythin'),(81407,'Fee Kemmet'),(81410,'Lorenza Rispine'),(81413,'Lorena Ovett'),(81416,'Bear Dailey'),(81419,'Hebert Merrisson'),(81422,'Austen Darragh'),(81425,'Antonella Webben'),(81428,'Freddie Petrushanko'),(81431,'Alaric Chelam'),(81434,'Bay Lavallie'),(81437,'Shel Fairhall'),(81440,'Noreen Deerness'),(81443,'Odey Tuckett'),(81446,'Gerti Crann'),(81449,'Brietta Lisciardelli'),(81452,'Elvis Saunier'),(81455,'Jacquenette Ruffles'),(81458,'Cory Filipyev'),(81461,'Bridie Mabbitt'),(81464,'Joanie Cunde'),(81467,'Concettina Denys'),(81470,'Erich Arlott'),(81473,'Christine Flicker'),(81476,'Merla Sollime'),(81479,'Allene Gudgen'),(81482,'Tish Tallant'),(81485,'Gerrilee Anster'),(81488,'Jasmine Rosenfelt'),(81491,'Rosanna Longstreeth'),(81494,'Jeddy McNeilly'),(81497,'Margret Ley');
/*!40000 ALTER TABLE `adopter` ENABLE KEYS */;
UNLOCK TABLES;

--
-- Table structure for table `adoption`
--

DROP TABLE IF EXISTS `adoption`;
/*!40101 SET @saved_cs_client     = @@character_set_client */;
/*!50503 SET character_set_client = utf8mb4 */;
CREATE TABLE `adoption` (
  `Adopter_ID` int NOT NULL,
  `Animal_Id` int NOT NULL,
  `Adoption_Date` date NOT NULL,
  PRIMARY KEY (`Adopter_ID`,`Animal_Id`),
  KEY `Animal_Id` (`Animal_Id`),
  CONSTRAINT `adoption_ibfk_1` FOREIGN KEY (`Animal_Id`) REFERENCES `animal` (`ID`),
  CONSTRAINT `adoption_ibfk_2` FOREIGN KEY (`Adopter_ID`) REFERENCES `adopter` (`ID`)
) ENGINE=InnoDB DEFAULT CHARSET=utf8mb4 COLLATE=utf8mb4_0900_ai_ci;
/*!40101 SET character_set_client = @saved_cs_client */;

--
-- Dumping data for table `adoption`
--

LOCK TABLES `adoption` WRITE;
/*!40000 ALTER TABLE `adoption` DISABLE KEYS */;
INSERT INTO `adoption` VALUES (80000,900558,'2022-08-04'),(80003,900602,'2022-10-23'),(80006,900714,'2022-10-28'),(80009,900146,'2023-01-01'),(80012,900100,'2022-11-08'),(80015,900586,'2022-04-13'),(80018,900194,'2023-01-12'),(80021,900166,'2022-10-22'),(80024,900472,'2022-04-28'),(80027,900736,'2022-11-22'),(80030,900448,'2022-03-31'),(80033,900052,'2022-12-29'),(80036,900094,'2022-11-07'),(80039,900302,'2022-04-03'),(80042,900056,'2022-05-23'),(80045,900018,'2022-12-30'),(80048,900120,'2022-06-03'),(80051,900356,'2022-06-02'),(80054,900442,'2022-02-18'),(80060,900566,'2022-11-29'),(80063,900256,'2022-11-03'),(80066,900592,'2022-11-09'),(80072,900096,'2022-05-21'),(80075,900232,'2022-04-22'),(80078,900036,'2022-11-19'),(80081,900178,'2022-11-01'),(80084,900716,'2022-12-21'),(80087,900314,'2022-06-04'),(80090,900644,'2022-06-11'),(80093,900010,'2022-08-04'),(80096,900516,'2022-12-13'),(80099,900512,'2022-10-04'),(80102,900400,'2022-10-26'),(80108,900102,'2022-10-21'),(80111,900144,'2022-05-30'),(80114,900486,'2023-01-10'),(80117,900160,'2022-02-22'),(80120,900598,'2022-05-08'),(80123,900530,'2022-05-24'),(80126,900190,'2022-12-03'),(80129,900242,'2022-12-08'),(80132,900574,'2022-10-10'),(80135,900132,'2022-11-23'),(80138,900514,'2022-05-06'),(80141,900700,'2022-11-07'),(80144,900184,'2022-08-07'),(80147,900278,'2022-09-10'),(80150,900588,'2022-10-11'),(80153,900338,'2023-01-09'),(80156,900208,'2022-06-12'),(80159,900518,'2023-02-01'),(80165,900312,'2022-11-22'),(80168,900174,'2022-09-15'),(80171,900290,'2023-01-07'),(80177,900090,'2022-07-07'),(80180,900596,'2022-02-21'),(80186,900192,'2022-05-21'),(80189,900532,'2022-06-06'),(80192,900590,'2022-05-06'),(80195,900164,'2022-10-07'),(80198,900272,'2022-09-05'),(80201,900564,'2022-08-03'),(80204,900182,'2022-05-17'),(80207,900398,'2022-11-28'),(80210,900028,'2022-10-24'),(80216,900350,'2022-10-06'),(80219,900136,'2022-12-12'),(80222,900202,'2022-03-07'),(80228,900280,'2022-08-15'),(80243,900266,'2022-09-15'),(80249,900534,'2022-07-31'),(80252,900438,'2022-09-21'),(80255,900186,'2022-02-21'),(80258,900292,'2022-11-25'),(80264,900304,'2022-09-12'),(80270,900344,'2022-06-06'),(80276,900156,'2022-12-14'),(80279,900362,'2022-12-26'),(80282,900262,'2022-08-11'),(80285,900374,'2022-07-19'),(80288,900578,'2023-01-03'),(80294,900322,'2022-05-05'),(80297,900446,'2023-01-30'),(80300,900068,'2022-09-02'),(80303,900246,'2022-06-08'),(80306,900270,'2022-04-10'),(80309,900378,'2022-12-30'),(80312,900310,'2022-06-04'),(80321,900452,'2022-08-25'),(80324,900728,'2023-01-04'),(80330,900348,'2022-05-17'),(80333,900638,'2022-09-05'),(80336,900264,'2022-10-06'),(80339,900210,'2022-09-27'),(80342,900470,'2022-11-25'),(80345,900568,'2022-06-26'),(80348,900012,'2022-11-30'),(80351,900618,'2022-08-10'),(80354,900026,'2022-06-22'),(80360,900328,'2023-01-12'),(80366,900308,'2022-07-07'),(80375,900024,'2022-06-27'),(80378,900076,'2022-05-16'),(80384,900416,'2022-11-05'),(80387,900660,'2022-10-23'),(80414,900406,'2022-08-22'),(80420,900498,'2022-10-28'),(80423,900332,'2022-02-02'),(80444,900490,'2022-11-12'),(80447,900364,'2022-07-28'),(80450,900550,'2022-10-27'),(80456,900650,'2022-06-24'),(80459,900352,'2023-01-23'),(80465,900544,'2022-06-23'),(80468,900492,'2022-10-29'),(80471,900536,'2022-07-04'),(80474,900634,'2022-08-30'),(80477,900528,'2022-05-31'),(80480,900296,'2022-03-19'),(80486,900562,'2022-08-07'),(80492,900594,'2022-05-06'),(80498,900686,'2022-05-24'),(80501,900230,'2022-11-10'),(80504,900410,'2022-05-08'),(80510,900042,'2022-07-20'),(80513,900204,'2022-10-25'),(80519,900078,'2022-08-22'),(80522,900032,'2022-05-05'),(80534,900016,'2022-09-04'),(80537,900072,'2022-10-20'),(80543,900148,'2022-02-26'),(80546,900628,'2022-08-14'),(80549,900740,'2023-02-07'),(80552,900676,'2022-06-19'),(80555,900340,'2022-12-24'),(80561,900034,'2022-07-28'),(80564,900176,'2022-10-13'),(80567,900678,'2022-05-08'),(80576,900632,'2022-05-19'),(80579,900636,'2022-08-15'),(80585,900708,'2023-01-03'),(80597,900430,'2022-11-18'),(80603,900408,'2022-06-21'),(80606,900168,'2022-10-14'),(80621,900172,'2022-11-22'),(80624,900744,'2022-05-17'),(80627,900606,'2022-07-28'),(80648,900388,'2022-09-28'),(80657,900502,'2022-11-07'),(80675,900126,'2022-04-09'),(80681,900252,'2022-12-23'),(80684,900484,'2022-11-13'),(80708,900384,'2022-02-22'),(80720,900494,'2023-01-25'),(80726,900572,'2022-08-23'),(80771,900116,'2022-03-24'),(80795,900422,'2023-01-22'),(80804,900584,'2022-04-17'),(80810,900722,'2022-03-01'),(80819,900418,'2022-06-13'),(80822,900064,'2022-08-12'),(80837,900548,'2022-08-06'),(80843,900286,'2022-05-03'),(80846,900478,'2022-06-17'),(80849,900570,'2022-07-07'),(80867,900276,'2022-05-23'),(80873,900274,'2022-09-07'),(80882,900020,'2022-09-07'),(80897,900620,'2023-01-18'),(80921,900576,'2022-11-08'),(80927,900122,'2022-03-23'),(80948,900220,'2022-04-12'),(80972,900482,'2022-02-28'),(80975,900244,'2023-01-30'),(80984,900240,'2022-07-24'),(80990,900200,'2022-08-22'),(80993,900134,'2022-06-24'),(80999,900652,'2022-07-05'),(81014,900712,'2022-10-19'),(81035,900670,'2022-09-02'),(81038,900022,'2022-08-31'),(81047,900138,'2022-12-18'),(81056,900104,'2023-01-05'),(81068,900038,'2022-11-08'),(81071,900402,'2022-10-13'),(81074,900248,'2022-08-14'),(81092,900088,'2022-04-09'),(81095,900044,'2022-08-05'),(81128,900454,'2022-07-31'),(81134,900386,'2022-10-05'),(81140,900162,'2022-08-17'),(81191,900320,'2022-07-04'),(81218,900554,'2022-05-03'),(81278,900404,'2022-07-03'),(81296,900436,'2022-05-16'),(81308,900050,'2022-06-03'),(81314,900614,'2022-08-13'),(81323,900476,'2023-01-17'),(81341,900560,'2022-08-01'),(81464,900118,'2022-05-16');
/*!40000 ALTER TABLE `adoption` ENABLE KEYS */;
UNLOCK TABLES;

--
-- Table structure for table `adoption_application`
--

DROP TABLE IF EXISTS `adoption_application`;
/*!40101 SET @saved_cs_client     = @@character_set_client */;
/*!50503 SET character_set_client = utf8mb4 */;
CREATE TABLE `adoption_application` (
  `App_ID` int NOT NULL,
  `Adopter_ID` int NOT NULL,
  `Animal_ID` int NOT NULL,
  `Adopter_Name` varchar(50) NOT NULL,
  `Co_Adopter_Name` varchar(50) NOT NULL,
  `adopter_phone` varchar(15) DEFAULT NULL,
  `Adopter_Email` varchar(80) NOT NULL,
  `Over_18` tinyint(1) NOT NULL,
  `Rent_Or_Own` enum('Rent','Own') NOT NULL,
  `Landlord_Phone_No` varchar(15) DEFAULT NULL,
  `Have_Children` tinyint(1) NOT NULL,
  `Have_Animals` tinyint(1) NOT NULL,
  `Have_Yard` tinyint(1) NOT NULL,
  `Employed` tinyint(1) NOT NULL,
  `Status` enum('Accepted','Denied','Processing') DEFAULT NULL,
  PRIMARY KEY (`App_ID`),
  KEY `Animal_ID` (`Animal_ID`),
  KEY `Adopter_ID` (`Adopter_ID`),
  CONSTRAINT `adoption_application_ibfk_1` FOREIGN KEY (`Animal_ID`) REFERENCES `animal` (`ID`),
  CONSTRAINT `adoption_application_ibfk_2` FOREIGN KEY (`Adopter_ID`) REFERENCES `adopter` (`ID`)
) ENGINE=InnoDB DEFAULT CHARSET=utf8mb4 COLLATE=utf8mb4_0900_ai_ci;
/*!40101 SET character_set_client = @saved_cs_client */;

--
-- Dumping data for table `adoption_application`
--

LOCK TABLES `adoption_application` WRITE;
/*!40000 ALTER TABLE `adoption_application` DISABLE KEYS */;
INSERT INTO `adoption_application` VALUES (1,80000,900558,'Darice Doerrling','Shaine Giaomozzo','656-923-2085','ddoerrling0@icq.com',1,'Own','',1,1,1,0,'Accepted'),(2,80003,900602,'Karlan Gerssam','Brig Petran','300-221-6503','kgerssam1@de.vu',1,'Rent','712-783-2227',1,1,1,1,'Accepted'),(3,80006,900714,'Donnell Vel','Elicia O\'Glessane','759-611-1833','dvel2@ask.com',1,'Own','',0,1,1,0,'Accepted'),(4,80009,900146,'Lucila Fennelow','Blanca Spencelayh','688-549-1911','lfennelow3@google.it',1,'Rent','412-504-8969',1,1,1,1,'Accepted'),(5,80012,900100,'Margaretha Treasaden','Filmer Georgot','581-537-2336','mtreasaden4@tumblr.com',0,'Own','',1,1,0,1,'Accepted'),(6,80015,900586,'Cynthea D\'Almeida','Caroline Keach','164-805-8203','cdalmeida5@bbc.co.uk',1,'Own','',0,0,1,1,'Accepted'),(7,80018,900194,'Lucy Nelhams','','142-787-1108','lnelhams6@dailymail.co.uk',1,'Own','',1,0,0,1,'Accepted'),(8,80021,900166,'Traci Wooffinden','Nari Tuerena','381-412-2356','twooffinden7@de.vu',0,'Own','',1,0,1,0,'Accepted'),(9,80024,900472,'Bax Bennough','Cherry Firby','439-881-1230','bbennough8@oracle.com',1,'Own','',0,1,1,0,'Accepted'),(10,80027,900736,'Jorie Ofield','','946-616-5453','jofield9@wiley.com',1,'Rent','767-467-1793',1,1,0,0,'Accepted'),(11,80030,900448,'Drud Symms','','588-932-8024','dsymmsa@about.com',0,'Rent','844-263-8612',0,0,0,1,'Accepted'),(12,80033,900052,'Linnell Penk','','896-218-3116','lpenkb@irs.gov',1,'Own','',1,1,0,0,'Accepted'),(13,80036,900094,'Daisie Dare','Bob Baumber','350-554-0482','ddarec@msu.edu',0,'Own','',1,0,0,1,'Accepted'),(14,80039,900302,'Chrissie Loosemore','Nichole Moryson','446-348-2135','cloosemored@odnoklassniki.ru',0,'Own','',1,1,1,0,'Accepted'),(15,80042,900056,'Veriee Bertouloume','','340-876-4226','vbertouloumee@army.mil',0,'Own','',0,1,1,1,'Accepted'),(16,80045,900018,'Trula Clemencon','Paolina Sabates','502-261-1710','tclemenconf@nps.gov',1,'Own','',1,1,0,0,'Accepted'),(17,80048,900120,'Drugi Slora','Osgood Grafton-Herbert','772-313-0594','dslorag@stumbleupon.com',0,'Rent','378-843-1054',1,1,0,0,'Accepted'),(18,80051,900356,'Sid Argrave','Egor Ashington','193-857-3313','sargraveh@bbc.co.uk',0,'Rent','558-150-3270',1,1,0,0,'Accepted'),(19,80054,900442,'Judith Austing','','479-175-0041','jaustingi@icio.us',0,'Own','',1,1,0,1,'Accepted'),(20,80057,900448,'Terza Vaines','','626-508-3663','tvainesj@bbb.org',0,'Rent','675-939-1576',1,0,1,1,'Denied'),(21,80060,900566,'Vernen FitzAlan','Zolly Guage','657-828-1874','vfitzalank@bbc.co.uk',0,'Own','',0,0,1,0,'Accepted'),(22,80063,900256,'Royce Pawlett','','829-560-3511','rpawlettl@merriam-webster.com',1,'Rent','848-335-7682',0,1,0,1,'Accepted'),(23,80066,900592,'Daren Lye','','987-281-6486','dlyem@craigslist.org',0,'Rent','577-834-0777',0,1,0,0,'Accepted'),(24,80069,900714,'Howey Marchant','Birdie Penfold','252-511-3834','hmarchantn@addtoany.com',1,'Rent','360-723-1790',1,0,1,1,'Denied'),(25,80072,900096,'Orrin Piggens','Tory Rojel','544-961-6230','opiggenso@purevolume.com',1,'Own','',0,1,1,1,'Accepted'),(26,80075,900232,'Theresita Garnham','Mahalia Hyett','930-952-0954','tgarnhamp@rakuten.co.jp',0,'Rent','308-347-9929',0,1,1,0,'Accepted'),(27,80078,900036,'Evita Clempton','','378-854-2599','eclemptonq@livejournal.com',1,'Rent','140-895-1128',1,1,1,0,'Accepted'),(28,80081,900178,'Beatrice Trayhorn','','663-951-4026','btrayhornr@sfgate.com',0,'Own','',0,0,0,0,'Accepted'),(29,80084,900716,'Dalton Ivanitsa','Felipe Hirtz','361-314-6434','divanitsas@house.gov',0,'Own','',1,0,0,1,'Accepted'),(30,80087,900314,'Anthea Roxburgh','Sofia Rayne','671-421-9311','aroxburght@xing.com',1,'Own','',0,0,1,0,'Accepted'),(31,80090,900644,'Paxon Lochhead','Rena Gibbons','198-263-7200','plochheadu@businessweek.com',1,'Rent','393-640-9127',0,0,0,0,'Accepted'),(32,80093,900010,'Borg Tallow','','751-351-8784','btallowv@youku.com',1,'Rent','641-846-1788',0,0,0,0,'Accepted'),(33,80096,900516,'Vail McKune','Tadd Attrill','491-624-0102','vmckunew@noaa.gov',0,'Own','',0,1,1,0,'Accepted'),(34,80099,900512,'Vite Smalman','','161-755-3050','vsmalmanx@mapy.cz',1,'Own','',1,0,1,0,'Accepted'),(35,80102,900400,'Andra Minget','Kay Ashburner','100-505-5873','amingety@sitemeter.com',1,'Rent','181-769-4860',1,0,0,0,'Accepted'),(36,80105,900166,'Orlan Needs','','378-790-0316','oneedsz@github.io',1,'Rent','918-736-3674',0,0,0,1,'Denied'),(37,80108,900102,'Adora Crowd','Steve Takos','139-572-0622','acrowd10@etsy.com',0,'Rent','419-418-0579',0,0,1,1,'Accepted'),(38,80111,900144,'Matilde Vakhonin','Yorke Addenbrooke','976-899-5345','mvakhonin11@timesonline.co.uk',0,'Own','',0,1,1,1,'Accepted'),(39,80114,900486,'Tybie Gairdner','','723-114-3494','tgairdner12@deviantart.com',1,'Own','',0,0,0,1,'Accepted'),(40,80117,900160,'Sapphira Rominov','','104-238-1610','srominov13@dailymail.co.uk',0,'Rent','471-256-2110',0,0,1,1,'Accepted'),(41,80120,900598,'Berget Bondley','Frankie Andrusyak','541-810-1319','bbondley14@lycos.com',0,'Own','',0,1,0,1,'Accepted'),(42,80123,900530,'Chandra Bontein','Jillane Waskett','387-635-4942','cbontein15@columbia.edu',1,'Rent','288-554-9134',1,0,0,1,'Accepted'),(43,80126,900190,'Ayn Teese','','483-950-0802','ateese16@comsenz.com',1,'Own','',1,0,1,0,'Accepted'),(44,80129,900242,'Ophelia Christmas','','525-945-6227','ochristmas17@theguardian.com',1,'Own','',1,0,0,1,'Accepted'),(45,80132,900574,'Cicily Templar','','780-372-3291','ctemplar18@harvard.edu',1,'Rent','900-126-3189',1,1,1,0,'Accepted'),(46,80135,900132,'Nataline Culverhouse','','305-443-4549','nculverhouse19@creativecommons.org',1,'Own','',0,0,0,1,'Accepted'),(47,80138,900514,'Yasmeen Beeson','','880-492-2143','ybeeson1a@wikipedia.org',1,'Rent','955-894-5610',1,0,0,1,'Accepted'),(48,80141,900700,'Pauline Breed','','856-671-7357','pbreed1b@pbs.org',1,'Own','',1,0,1,0,'Accepted'),(49,80144,900184,'Noami Gurery','Tommi Hamsson','364-322-6915','ngurery1c@fc2.com',0,'Own','',0,0,0,1,'Accepted'),(50,80147,900278,'Ethyl Woolward','Dewain Cull','919-779-8222','ewoolward1d@europa.eu',1,'Rent','466-528-2989',1,0,0,0,'Accepted'),(51,80150,900588,'Gavrielle Crother','Oliver Dumper','440-534-9115','gcrother1e@arizona.edu',1,'Rent','141-179-8915',1,1,1,1,'Accepted'),(52,80153,900338,'Corinne Gotcliffe','Frants Hegge','884-953-3257','cgotcliffe1f@sohu.com',1,'Own','',1,0,0,0,'Accepted'),(53,80156,900208,'Justinian Paolillo','','982-572-2764','jpaolillo1g@state.tx.us',1,'Own','',1,0,0,0,'Accepted'),(54,80159,900518,'Aubert Gillimgham','Anna-diana Biddy','669-933-5960','agillimgham1h@behance.net',0,'Rent','771-772-5367',1,0,0,1,'Accepted'),(55,80162,900096,'Katrinka Endersby','Stavros Chidlow','323-850-6444','kendersby1i@indiegogo.com',1,'Rent','987-188-2695',0,1,0,1,'Denied'),(56,80165,900312,'Ulberto Nehlsen','Page Matt','512-210-7635','unehlsen1j@unc.edu',1,'Own','',1,0,1,1,'Accepted'),(57,80168,900174,'Penny Reyna','Witty Charlon','272-707-5237','preyna1k@mozilla.org',0,'Own','',1,1,0,1,'Accepted'),(58,80171,900290,'Ade Ganiclef','','565-390-1564','aganiclef1l@wsj.com',0,'Own','',0,0,1,0,'Accepted'),(59,80174,900166,'Wallie McNally','Marissa Bulpitt','452-554-5161','wmcnally1m@imgur.com',1,'Rent','429-704-3443',1,0,1,0,'Denied'),(60,80177,900090,'Dorolice Ryhorovich','','602-156-1041','dryhorovich1n@seattletimes.com',1,'Own','',0,1,1,1,'Accepted'),(61,80180,900596,'Cosimo Tunnock','','613-681-0557','ctunnock1o@scribd.com',0,'Own','',1,0,0,0,'Accepted'),(62,80183,900314,'Lem Saturley','','323-324-1862','lsaturley1p@ca.gov',0,'Rent','412-987-3843',0,0,1,1,'Denied'),(63,80186,900192,'Joachim Sandilands','','136-958-7565','jsandilands1q@google.com.au',0,'Rent','715-924-2882',0,1,0,0,'Accepted'),(64,80189,900532,'Brianna Hawkeridge','Lyda Presslee','516-949-1431','bhawkeridge1r@theguardian.com',0,'Rent','126-613-9798',1,1,1,1,'Accepted'),(65,80192,900590,'Leeann Rosencwaig','Jobie Archbutt','918-480-4673','lrosencwaig1s@bbc.co.uk',1,'Rent','988-472-6005',0,0,0,1,'Accepted'),(66,80195,900164,'Loren MacNaughton','Vance Albrecht','520-769-3800','lmacnaughton1t@friendfeed.com',1,'Own','',0,0,0,0,'Accepted'),(67,80198,900272,'Michaela Mouatt','','902-164-9510','mmouatt1u@shop-pro.jp',1,'Rent','264-183-3753',0,0,0,0,'Accepted'),(68,80201,900564,'Rosa Bundy','','558-844-5944','rbundy1v@ca.gov',0,'Own','',0,1,1,0,'Accepted'),(69,80204,900182,'Shepard Lindborg','','758-473-1618','slindborg1w@eepurl.com',0,'Rent','843-650-8772',1,1,1,1,'Accepted'),(70,80207,900398,'Feodor Tomaselli','','760-633-4883','ftomaselli1x@prnewswire.com',0,'Rent','747-333-0149',1,0,0,0,'Accepted'),(71,80210,900028,'Lisha Freezor','','653-712-7557','lfreezor1y@comsenz.com',1,'Own','',0,1,1,0,'Accepted'),(72,80213,900028,'Pepillo Zapatero','','182-959-5297','pzapatero1z@liveinternet.ru',1,'Own','',1,0,1,1,'Denied'),(73,80216,900350,'Douglas Ortas','','985-163-0040','dortas20@ask.com',0,'Own','',0,0,1,0,'Accepted'),(74,80219,900136,'Tressa Caldow','Maxi Leyshon','704-954-9673','tcaldow21@t-online.de',1,'Rent','644-977-6310',1,0,0,1,'Accepted'),(75,80222,900202,'Alasdair Dymock','Jinny Geck','296-420-5315','adymock22@freewebs.com',0,'Own','',0,0,1,1,'Accepted'),(76,80225,900714,'Axel Jaqueme','Abigale O\'Connell','161-654-4727','ajaqueme23@acquirethisname.com',1,'Own','',0,1,1,1,'Denied'),(77,80228,900280,'Mufi Cuerda','','288-585-8586','mcuerda24@prnewswire.com',0,'Own','',1,1,1,0,'Accepted'),(78,80231,900714,'Vanny Mangion','','588-693-4574','vmangion25@meetup.com',0,'Rent','344-212-8025',0,1,1,0,'Denied'),(79,80234,900598,'Agata Couling','Clemmie Giamitti','629-421-9708','acouling26@bizjournals.com',1,'Rent','283-954-7275',1,1,1,0,'Denied'),(80,80237,900190,'Ezmeralda Ganforthe','Sela Scoble','901-341-5542','eganforthe27@storify.com',0,'Rent','810-413-0923',0,0,1,1,'Denied'),(81,80240,900036,'Ula Yerrington','','586-118-7021','uyerrington28@techcrunch.com',1,'Rent','745-253-9287',1,0,0,0,'Denied'),(82,80243,900266,'Rheba Blenkensop','','668-161-9261','rblenkensop29@mtv.com',1,'Rent','646-934-0359',1,0,1,0,'Accepted'),(83,80246,900586,'Joycelin Teresi','','322-445-4854','jteresi2a@pagesperso-orange.fr',0,'Rent','562-594-8509',1,0,0,0,'Denied'),(84,80249,900534,'Antonella Ishchenko','Lilian Dewane','220-114-0942','aishchenko2b@ed.gov',1,'Own','',0,1,0,0,'Accepted'),(85,80252,900438,'Juditha Trelevan','Gustie Ceeley','409-441-0400','jtrelevan2c@globo.com',0,'Rent','889-186-3981',1,0,1,1,'Accepted'),(86,80255,900186,'Brianna Hewins','Cissiee Pankhurst.','358-176-3904','bhewins2d@google.com.hk',1,'Rent','854-910-1998',1,0,0,0,'Accepted'),(87,80258,900292,'Conrado Ormond','Maury Seymer','650-456-0852','cormond2e@census.gov',0,'Own','',0,0,1,1,'Accepted'),(88,80261,900602,'Adair Espadater','','920-425-3777','aespadater2f@slate.com',1,'Rent','569-315-7642',1,1,1,1,'Denied'),(89,80264,900304,'Clementius Irnys','Weylin Snadden','610-414-1532','cirnys2g@gizmodo.com',1,'Rent','646-389-5517',0,0,1,1,'Accepted'),(90,80267,900202,'Evelin Quaif','Bamby Henaughan','135-549-8713','equaif2h@unesco.org',1,'Own','',1,0,1,0,'Denied'),(91,80270,900344,'Norry Sabberton','Merrily Vanni','708-943-6372','nsabberton2i@abc.net.au',1,'Own','',0,0,1,0,'Accepted'),(92,80273,900516,'Mack Bown','Fredra Moy','321-516-6716','mbown2j@goo.ne.jp',1,'Rent','130-104-7438',1,0,1,0,'Denied'),(93,80276,900156,'Eldredge Guilloton','','858-352-9909','eguilloton2k@about.com',1,'Rent','504-174-5982',1,0,1,0,'Accepted'),(94,80279,900362,'Miof mela Thurby','','339-157-8835','mmela2l@omniture.com',1,'Own','',0,1,0,0,'Accepted'),(95,80282,900262,'Alex Withur','','627-183-7714','awithur2m@canalblog.com',0,'Own','',1,1,0,1,'Accepted'),(96,80285,900374,'Onida Buckland','Briant Lippiett','685-302-2972','obuckland2n@tripadvisor.com',0,'Rent','239-742-5439',0,1,0,0,'Accepted'),(97,80288,900578,'Amata Newlands','','659-821-3635','anewlands2o@slideshare.net',1,'Rent','360-195-0054',0,0,1,1,'Accepted'),(98,80291,900578,'Jarib Bartke','Silva Jacquemot','234-751-7337','jbartke2p@parallels.com',0,'Own','',1,1,0,0,'Denied'),(99,80294,900322,'Cindee Shepheard','Reinaldo Winstone','127-333-6114','cshepheard2q@hatena.ne.jp',1,'Rent','202-858-3930',1,0,0,0,'Accepted'),(100,80297,900446,'Freeman Mehew','','328-171-7322','fmehew2r@trellian.com',1,'Own','',0,1,1,1,'Accepted'),(101,80300,900068,'Maximilien Sabates','','828-910-4045','msabates2s@mayoclinic.com',0,'Rent','274-983-7347',1,0,1,1,'Accepted'),(102,80303,900246,'Madeleine Schwant','Corabella Strutley','133-949-1037','mschwant2t@deliciousdays.com',0,'Rent','982-482-6641',0,1,0,0,'Accepted'),(103,80306,900270,'Meryl Cassin','Rutter Cake','118-941-0318','mcassin2u@g.co',1,'Rent','729-615-8726',1,0,1,0,'Accepted'),(104,80309,900378,'Kippy Goodier','','622-809-6502','kgoodier2v@nifty.com',1,'Rent','451-763-5491',0,0,0,0,'Accepted'),(105,80312,900310,'Willard Gouldthorp','','111-116-5015','wgouldthorp2w@seattletimes.com',0,'Own','',1,1,1,1,'Accepted'),(106,80315,900312,'Ambrosi Williamson','','663-303-5335','awilliamson2x@apache.org',0,'Own','',1,1,1,1,'Denied'),(107,80318,900194,'Harmon Hansley','','977-246-3145','hhansley2y@over-blog.com',1,'Own','',0,1,0,0,'Denied'),(108,80321,900452,'Timoteo Randlesome','','223-497-6463','trandlesome2z@jiathis.com',0,'Rent','402-467-2689',1,0,0,0,'Accepted'),(109,80324,900728,'Elspeth Ellicombe','Nanon Millichap','810-202-1800','eellicombe30@cnn.com',1,'Rent','532-457-9656',1,0,0,1,'Accepted'),(110,80327,900068,'Gilemette Nelligan','','190-266-5861','gnelligan31@redcross.org',0,'Own','',0,1,0,1,'Denied'),(111,80330,900348,'Conrad Beauly','Isaiah Orto','683-191-6637','cbeauly32@nba.com',1,'Rent','190-130-6838',1,1,1,0,'Accepted'),(112,80333,900638,'Martyn Lepoidevin','','552-495-5337','mlepoidevin33@cmu.edu',0,'Own','',1,0,1,0,'Accepted'),(113,80336,900264,'Coretta Owen','Marion Kenworth','238-210-6993','cowen34@abc.net.au',0,'Own','',1,1,1,1,'Accepted'),(114,80339,900210,'Vincents Furman','','558-944-4522','vfurman35@usgs.gov',0,'Rent','180-168-2727',0,0,1,1,'Accepted'),(115,80342,900470,'Olvan Janjusevic','Aurelie Rymer','945-816-8623','ojanjusevic36@addthis.com',0,'Rent','846-512-5699',0,0,1,0,'Accepted'),(116,80345,900568,'Marijo Dorracott','','274-382-5573','mdorracott37@amazonaws.com',0,'Own','',1,0,1,0,'Accepted'),(117,80348,900012,'Boigie Rosenfield','Adams Skakunas','926-599-8219','brosenfield38@discovery.com',0,'Own','',1,0,0,0,'Accepted'),(118,80351,900618,'Devi Andrzejowski','Gearalt Ebenezer','577-920-3009','dandrzejowski39@engadget.com',1,'Rent','971-403-8257',1,0,0,0,'Accepted'),(119,80354,900026,'Demott Neary','Griffy Tallant','546-119-2288','dneary3a@free.fr',1,'Own','',0,0,0,0,'Accepted'),(120,80357,900314,'Francine Helversen','Jillian Holberry','281-679-0350','fhelversen3b@123-reg.co.uk',0,'Rent','621-179-1667',0,0,1,0,'Denied'),(121,80360,900328,'Nicolis Rosser','','765-261-8359','nrosser3c@posterous.com',0,'Own','',1,1,1,1,'Accepted'),(122,80363,900202,'Jennine Milleton','Jobie Hryncewicz','267-550-0786','jmilleton3d@amazon.de',1,'Rent','227-207-6803',0,1,0,1,'Denied'),(123,80366,900308,'Clareta Handy','Terri Jewer','535-293-8846','chandy3e@cloudflare.com',1,'Own','',1,1,1,1,'Accepted'),(124,80369,900096,'Vite Cove','','639-386-2923','vcove3f@simplemachines.org',0,'Own','',1,1,1,0,'Denied'),(125,80372,900210,'Gregoor Castiblanco','','310-875-0777','gcastiblanco3g@bbb.org',0,'Rent','751-156-2976',1,1,1,0,'Denied'),(126,80375,900024,'Hallie Fanshawe','Marcelo Babe','453-192-6636','hfanshawe3h@nasa.gov',1,'Rent','819-584-2808',1,1,0,1,'Accepted'),(127,80378,900076,'Wanda Grimbaldeston','Friedrich Hoggan','743-483-9427','wgrimbaldeston3i@imageshack.us',0,'Rent','376-655-7132',1,1,1,1,'Accepted'),(128,80381,900530,'Dar Bullene','Robbie Ferro','844-633-9049','dbullene3j@i2i.jp',1,'Rent','789-514-2905',1,0,0,1,'Denied'),(129,80384,900416,'Collen Hendrichs','','376-786-1450','chendrichs3k@ning.com',1,'Own','',1,1,0,0,'Accepted'),(130,80387,900660,'Ardella Hughland','Katey Bourdice','730-968-2724','ahughland3l@cnn.com',0,'Rent','101-520-9487',0,0,1,0,'Accepted'),(131,80390,900350,'Crystie Iles','','122-651-0451','ciles3m@google.cn',0,'Own','',0,1,1,0,'Denied'),(132,80393,900146,'Jodie Danit','','513-867-0662','jdanit3n@fema.gov',0,'Own','',0,1,0,1,'Denied'),(133,80396,900322,'Quinlan Greener','Kirstin Hinstridge','920-103-7742','qgreener3o@blogs.com',1,'Own','',1,1,1,0,'Denied'),(134,80399,900120,'Misha Albrighton','','714-992-4703','malbrighton3p@arstechnica.com',0,'Rent','405-826-7909',0,0,0,0,'Denied'),(135,80402,900348,'Mariann Galpin','Esma Camacke','754-122-5826','mgalpin3q@baidu.com',1,'Own','',0,0,0,0,'Denied'),(136,80405,900350,'Latrena Leddie','','100-477-3347','lleddie3r@symantec.com',1,'Own','',0,0,1,0,'Denied'),(137,80408,900024,'Ashien Hedworth','Agnola Saipy','637-958-4720','ahedworth3s@sfgate.com',0,'Rent','590-274-0225',1,1,0,1,'Denied'),(138,80411,900312,'Doll Skipsey','Gussy Langstrath','232-219-5034','dskipsey3t@usnews.com',1,'Own','',1,0,0,1,'Denied'),(139,80414,900406,'Godwin Clifford','Radcliffe Gowthrop','402-779-0026','gclifford3u@nps.gov',0,'Own','',1,0,1,1,'Accepted'),(140,80417,900278,'Cory Feeley','','247-683-3466','cfeeley3v@etsy.com',1,'Own','',0,0,0,0,'Denied'),(141,80420,900498,'Wandie Kave','Viviana Toombes','421-929-4788','wkave3w@pcworld.com',1,'Rent','733-395-4078',1,1,1,0,'Accepted'),(142,80423,900332,'Hakim Silberschatz','Gawain Grogan','666-636-0524','hsilberschatz3x@creativecommons.org',1,'Rent','917-958-9948',1,1,1,0,'Accepted'),(143,80426,900136,'Stinky Dummett','Ralf Marlin','723-382-4827','sdummett3y@blogtalkradio.com',0,'Rent','277-329-4951',0,1,1,1,'Denied'),(144,80429,900486,'Humbert Dominey','Lise MacVicar','407-152-8624','hdominey3z@vkontakte.ru',0,'Own','',0,1,1,1,'Denied'),(145,80432,900700,'Saudra Andreasson','Clarence Caiger','222-235-4464','sandreasson40@foxnews.com',1,'Rent','871-116-5097',1,0,0,0,'Denied'),(146,80435,900598,'Millisent Garrow','Courtney Kinghorn','104-497-7766','mgarrow41@jimdo.com',0,'Rent','290-113-4016',0,1,0,1,'Denied'),(147,80438,900146,'Sanson Hindhaugh','','696-954-0092','shindhaugh42@washingtonpost.com',0,'Own','',0,0,1,1,'Denied'),(148,80441,900312,'Maddy Vanelli','Jaclyn Garfath','123-801-7747','mvanelli43@addtoany.com',1,'Rent','908-219-1000',0,1,0,0,'Denied'),(149,80444,900490,'Dallon Pohlke','Cosetta Bugden','526-630-0111','dpohlke44@answers.com',0,'Rent','679-195-7164',0,0,0,1,'Accepted'),(150,80447,900364,'Katusha Kluge','','315-730-4877','kkluge45@oracle.com',1,'Rent','590-727-7528',0,0,0,1,'Accepted'),(151,80450,900550,'Lesya Marjoribanks','','178-714-9124','lmarjoribanks46@dailymail.co.uk',0,'Own','',1,1,0,1,'Accepted'),(152,80453,900256,'Bartel McAlarney','Ruthanne Ballinger','157-711-9810','bmcalarney47@imdb.com',0,'Own','',0,0,1,0,'Denied'),(153,80456,900650,'Lyndsay Lamberto','Ramona Tuckerman','380-570-7248','llamberto48@chron.com',0,'Own','',1,0,1,1,'Accepted'),(154,80459,900352,'Chen Clampett','','754-744-0227','cclampett49@elpais.com',1,'Own','',1,1,1,1,'Accepted'),(155,80462,900262,'Nerita Barends','Selene Gotter','867-840-0891','nbarends4a@nature.com',1,'Rent','253-344-3016',0,0,0,0,'Denied'),(156,80465,900544,'Andeee Alfonzo','Gearalt Sinnock','497-937-9525','aalfonzo4b@freewebs.com',1,'Own','',0,0,0,0,'Accepted'),(157,80468,900492,'Jock Apdell','','192-952-8787','japdell4c@rambler.ru',1,'Own','',1,1,0,0,'Accepted'),(158,80471,900536,'Jocelyne Planque','','518-691-6329','jplanque4d@economist.com',0,'Own','',1,1,0,0,'Accepted'),(159,80474,900634,'Morten Corsor','Eilis Turneaux','690-197-4600','mcorsor4e@sphinn.com',0,'Rent','647-206-6558',0,0,0,0,'Accepted'),(160,80477,900528,'Valdemar Gurton','','689-627-3376','vgurton4f@com.com',0,'Own','',1,1,0,1,'Accepted'),(161,80480,900296,'Briggs Brunker','Thorvald Yashnov','231-453-2459','bbrunker4g@issuu.com',0,'Rent','774-326-0880',0,1,1,1,'Accepted'),(162,80483,900598,'York Barmby','','658-860-8964','ybarmby4h@bing.com',1,'Own','',1,1,1,1,'Denied'),(163,80486,900562,'Agathe Iley','','162-614-1345','ailey4i@techcrunch.com',0,'Own','',1,0,1,0,'Accepted'),(164,80489,900568,'Jayson Ferriday','','135-915-9409','jferriday4j@hostgator.com',0,'Own','',0,0,0,0,'Denied'),(165,80492,900594,'Elihu Tootal','Virgilio Bruna','479-896-8345','etootal4k@japanpost.jp',1,'Own','',1,1,1,0,'Accepted'),(166,80495,900564,'Kimmi Hutchin','Georgianna Pitman','404-800-1031','khutchin4l@chicagotribune.com',0,'Own','',0,0,1,1,'Denied'),(167,80498,900686,'Weston Harby','Dwight Waring','210-303-6758','wharby4m@weather.com',1,'Own','',1,1,0,0,'Accepted'),(168,80501,900230,'Heidie Sanney','','142-571-0684','hsanney4n@ox.ac.uk',1,'Own','',0,1,1,1,'Accepted'),(169,80504,900410,'Hamish Bogaert','','724-378-0400','hbogaert4o@mozilla.org',0,'Own','',1,1,0,1,'Accepted'),(170,80507,900242,'Leese Utley','Palm Hammersley','289-189-5502','lutley4p@posterous.com',0,'Rent','230-484-0559',1,1,1,1,'Denied'),(171,80510,900042,'Marian Sifleet','Wayland Wadman','734-710-6778','msifleet4q@hugedomains.com',0,'Rent','278-355-7572',0,0,0,1,'Accepted'),(172,80513,900204,'Christiana Fareweather','Raven O\'Sculley','452-531-5394','cfareweather4r@scribd.com',1,'Rent','927-673-6842',0,1,0,0,'Accepted'),(173,80516,900328,'Des Leemans','Gerik Dronsfield','959-839-8727','dleemans4s@constantcontact.com',1,'Rent','141-326-6311',0,1,1,0,'Denied'),(174,80519,900078,'Waylon Beveridge','','456-339-7585','wbeveridge4t@prlog.org',1,'Own','',1,0,0,0,'Accepted'),(175,80522,900032,'Jimmie Rockhill','','193-181-7759','jrockhill4u@globo.com',0,'Own','',1,0,0,1,'Accepted'),(176,80525,900310,'Elspeth Iacopo','Hunfredo Agg','743-322-0830','eiacopo4v@eepurl.com',0,'Own','',0,1,1,0,'Denied'),(177,80528,900638,'Stinky Janas','Mitchel Wimbridge','996-166-3987','sjanas4w@google.com.hk',1,'Rent','250-312-8940',0,1,1,1,'Denied'),(178,80531,900446,'Danit Orman','Laurent Clem','553-818-4889','dorman4x@boston.com',1,'Rent','968-926-9652',1,0,0,1,'Denied'),(179,80534,900016,'Jamil Grisdale','','951-248-4615','jgrisdale4y@independent.co.uk',1,'Own','',1,1,1,1,'Accepted'),(180,80537,900072,'Rockwell Leheude','Karmen Soame','344-927-1982','rleheude4z@unblog.fr',0,'Own','',1,1,1,0,'Accepted'),(181,80540,900016,'Aryn Strowther','','117-186-2676','astrowther50@foxnews.com',0,'Rent','492-694-6665',0,0,0,1,'Denied'),(182,80543,900148,'Ddene Huntington','Merry Fathers','608-970-5366','dhuntington51@businesswire.com',1,'Own','',1,1,0,1,'Accepted'),(183,80546,900628,'Catherina Ropking','Monique Ramsted','385-517-6939','cropking52@cnn.com',1,'Rent','843-626-4165',0,1,1,1,'Accepted'),(184,80549,900740,'Marrilee Rene','Vittoria Le Batteur','398-519-8203','mrene53@wikia.com',1,'Own','',0,0,0,0,'Accepted'),(185,80552,900676,'Christoph Loding','Archibold Holby','456-854-1944','cloding54@xing.com',1,'Rent','410-607-6107',0,1,0,1,'Accepted'),(186,80555,900340,'Archibold Regler','Filberto Davenall','150-585-2675','aregler55@oakley.com',1,'Own','',0,0,1,1,'Accepted'),(187,80558,900018,'Oswell Poinsett','Luelle Skipp','631-372-7083','opoinsett56@godaddy.com',0,'Own','',1,0,0,1,'Denied'),(188,80561,900034,'Stanfield Seczyk','','552-860-1342','sseczyk57@admin.ch',1,'Rent','144-249-0520',1,1,0,1,'Accepted'),(189,80564,900176,'Kellie Vowdon','Ardella Cogin','729-670-6906','kvowdon58@about.com',1,'Own','',0,1,1,1,'Accepted'),(190,80567,900678,'Wallis Strowger','','759-428-8394','wstrowger59@tmall.com',1,'Own','',1,0,0,0,'Accepted'),(191,80570,900736,'Dave Challiss','','921-426-4690','dchalliss5a@google.com',0,'Rent','122-508-1168',0,0,0,0,'Denied'),(192,80573,900194,'Shayne Olivie','Ellissa Flack','930-605-3082','solivie5b@squidoo.com',1,'Own','',0,0,0,0,'Denied'),(193,80576,900632,'Leonie Pallaske','Daffie Swalteridge','405-167-1651','lpallaske5c@ustream.tv',0,'Own','',0,0,1,1,'Accepted'),(194,80579,900636,'Giulio Lunck','Aguistin Cotillard','673-518-6441','glunck5d@thetimes.co.uk',1,'Rent','215-198-2658',1,1,1,0,'Accepted'),(195,80582,900700,'Beatrisa Jochanany','Manon O\'Deegan','750-329-2850','bjochanany5e@networksolutions.com',1,'Own','',0,1,1,1,'Denied'),(196,80585,900708,'Inga Seine','','825-235-8728','iseine5f@cnbc.com',0,'Own','',1,0,1,0,'Accepted'),(197,80588,900144,'Giralda Wheelband','','591-953-8023','gwheelband5g@amazon.co.uk',1,'Own','',0,1,0,0,'Denied'),(198,80591,900182,'Artemis McCoy','','718-606-0944','amccoy5h@addthis.com',0,'Rent','161-943-1704',0,1,1,1,'Denied'),(199,80594,900068,'Leeanne Sommerfeld','','752-318-7839','lsommerfeld5i@guardian.co.uk',0,'Own','',0,1,1,1,'Denied'),(200,80597,900430,'Norbert Poulgreen','Ermengarde Gawke','443-990-7196','npoulgreen5j@cpanel.net',0,'Own','',1,0,0,0,'Accepted'),(201,80600,900644,'Graig Pellitt','','152-488-1298','gpellitt5k@unicef.org',0,'Rent','519-642-8280',1,1,0,1,'Denied'),(202,80603,900408,'Lorrie Maides','Stanly Sydenham','747-530-6317','lmaides5l@bbc.co.uk',0,'Rent','587-247-7530',1,1,1,0,'Accepted'),(203,80606,900168,'Irita Levick','Whitman Ciementini','550-804-4293','ilevick5m@tumblr.com',0,'Own','',1,1,1,1,'Accepted'),(204,80609,900530,'Gussi Kliemchen','Waverley Lowing','597-373-8568','gkliemchen5n@arstechnica.com',1,'Rent','670-792-6761',0,1,0,0,'Denied'),(205,80612,900024,'Ruggiero Petroselli','','184-682-8790','rpetroselli5o@simplemachines.org',0,'Own','',0,1,1,1,'Denied'),(206,80615,900230,'Verene Whetland','Katti Endrighi','397-174-1654','vwhetland5p@hc360.com',0,'Own','',1,0,1,0,'Denied'),(207,80618,900512,'Moritz Thompstone','Mareah Dreelan','685-692-8998','mthompstone5q@nytimes.com',0,'Own','',0,1,1,0,'Denied'),(208,80621,900172,'Casar Glendining','Claus Moresby','801-929-4791','cglendining5r@github.io',0,'Own','',1,0,0,1,'Accepted'),(209,80624,900744,'Sinclare Bough','Jarret Culter','516-260-6429','sbough5s@ed.gov',1,'Rent','740-962-6237',1,1,1,0,'Accepted'),(210,80627,900606,'Bathsheba Lenaghen','','742-403-0025','blenaghen5t@edublogs.org',1,'Own','',0,1,0,1,'Accepted'),(211,80630,900472,'Eberhard Darey','Tucker Renoden','318-163-2452','edarey5u@chron.com',1,'Own','',1,1,1,1,'Denied'),(212,80633,900310,'Granny Knowler','Fifine Whittle','195-616-2381','gknowler5v@cnbc.com',0,'Rent','961-106-3813',1,0,1,0,'Denied'),(213,80636,900136,'Sibel Robillard','','966-397-2133','srobillard5w@usatoday.com',0,'Rent','733-343-5332',0,0,0,0,'Denied'),(214,80639,900578,'Richart McGreary','Salli Bozworth','320-240-1164','rmcgreary5x@eventbrite.com',1,'Rent','895-797-3168',0,0,0,1,'Denied'),(215,80642,900332,'Walt Healing','','455-934-4476','whealing5y@theatlantic.com',0,'Rent','565-881-8804',1,1,0,1,'Denied'),(216,80645,900446,'Briny Castagnier','Gasparo Purkins','929-215-9060','bcastagnier5z@cocolog-nifty.com',1,'Own','',0,1,1,0,'Denied'),(217,80648,900388,'Fan Menlove','Moria Knotte','345-621-9215','fmenlove60@boston.com',1,'Rent','776-407-1893',0,0,1,0,'Accepted'),(218,80651,900232,'Ester Farran','Lauree Camber','202-281-4968','efarran61@ft.com',1,'Own','',0,0,0,0,'Denied'),(219,80654,900388,'Sanderson Davidde','','778-349-7225','sdavidde62@cnet.com',0,'Own','',1,0,1,0,'Denied'),(220,80657,900502,'Reed Coleman','','235-842-5317','rcoleman63@nps.gov',0,'Rent','983-465-9551',1,1,1,1,'Accepted'),(221,80660,900296,'Juli Crennell','','377-777-5606','jcrennell64@nature.com',0,'Rent','926-358-8487',1,0,0,1,'Denied'),(222,80663,900568,'Agnes Farthing','Codie Woolstenholmes','311-308-4738','afarthing65@chronoengine.com',1,'Rent','730-596-8017',0,1,1,0,'Denied'),(223,80666,900350,'Chaddy Hulson','','488-331-6477','chulson66@mashable.com',0,'Rent','962-546-5762',1,0,1,1,'Denied'),(224,80669,900362,'Amalea Sales','Tomaso Greenley','289-606-0344','asales67@opensource.org',1,'Rent','222-509-4856',0,1,0,1,'Denied'),(225,80672,900332,'Luella Fauguel','Sallyanne Stenett','625-164-6315','lfauguel68@tinyurl.com',0,'Own','',1,1,1,1,'Denied'),(226,80675,900126,'Troy Ziemen','Gerry Statham','670-712-4335','tziemen69@omniture.com',0,'Rent','314-484-7455',1,1,0,0,'Accepted'),(227,80678,900280,'Lucita Matous','Mitchell Pegden','559-370-6702','lmatous6a@businesswire.com',0,'Rent','281-831-4071',0,1,1,1,'Denied'),(228,80681,900252,'Nollie Gerrill','Ryan Enochsson','566-662-1140','ngerrill6b@jigsy.com',0,'Own','',0,0,0,1,'Accepted'),(229,80684,900484,'Karen Garber','','400-215-6174','kgarber6c@about.com',0,'Own','',0,1,1,1,'Accepted'),(230,80687,900246,'Guthrey Huyton','Winfield Danit','330-862-9330','ghuyton6d@nps.gov',0,'Own','',1,1,0,1,'Denied'),(231,80690,900340,'Rory Ibarra','','153-664-7739','ribarra6e@sourceforge.net',1,'Rent','951-320-0427',0,0,1,0,'Denied'),(232,80693,900644,'Roxane Gallaher','','115-729-3890','rgallaher6f@google.nl',1,'Rent','439-181-0547',1,0,1,1,'Denied'),(233,80696,900272,'Mahala Iaduccelli','Sydney Noni','845-369-0895','miaduccelli6g@msu.edu',1,'Own','',0,0,1,0,'Denied'),(234,80699,900182,'Gabi Ballaam','Candis Ruff','945-452-9385','gballaam6h@phpbb.com',1,'Rent','455-188-5687',1,0,1,0,'Denied'),(235,80702,900302,'Deloris Quartermaine','','340-171-5073','dquartermaine6i@blogtalkradio.com',0,'Own','',0,0,1,1,'Denied'),(236,80705,900492,'Avie Ruddell','Gratiana Millsap','537-710-8065','aruddell6j@si.edu',1,'Own','',1,0,0,0,'Denied'),(237,80708,900384,'Hashim Riccione','Renelle Boddam','583-908-7873','hriccione6k@epa.gov',1,'Rent','434-379-1641',1,1,0,1,'Accepted'),(238,80711,900148,'Gennie Lafferty','','862-366-6342','glafferty6l@lycos.com',0,'Own','',1,1,1,1,'Denied'),(239,80714,900146,'Katheryn Dredge','','699-291-0946','kdredge6m@4shared.com',1,'Rent','588-748-0646',1,1,0,0,'Denied'),(240,80717,900016,'Nannie O\'Driscoll','','169-657-5395','nodriscoll6n@slashdot.org',1,'Rent','965-851-6756',0,0,0,0,'Denied'),(241,80720,900494,'Feliza Huett','Lexis Limpenny','125-685-8130','fhuett6o@nature.com',0,'Own','',0,1,1,1,'Accepted'),(242,80723,900148,'Chalmers Boldecke','','182-784-1810','cboldecke6p@qq.com',0,'Own','',0,1,0,0,'Denied'),(243,80726,900572,'Atalanta Abley','','514-988-0071','aabley6q@springer.com',1,'Rent','973-150-7005',0,1,1,1,'Accepted'),(244,80729,900018,'Helge Ales0','Alix Parrish','619-446-0003','hales6r@columbia.edu',1,'Own','',1,0,0,0,'Denied'),(245,80732,900528,'Florella Bram','','326-234-2877','fbram6s@cmu.edu',0,'Rent','432-357-4507',0,1,0,0,'Denied'),(246,80735,900590,'Tedi Osband','Frederico Plaskitt','974-391-8043','tosband6t@soup.io',1,'Own','',0,0,0,1,'Denied'),(247,80738,900186,'Frans Wolpert','','907-541-8169','fwolpert6u@rambler.ru',1,'Own','',1,0,1,0,'Denied'),(248,80741,900242,'Elwyn Josovitz','Cristobal Midlar','311-581-9369','ejosovitz6v@shinystat.com',1,'Own','',1,1,0,0,'Denied'),(249,80744,900586,'Piggy Sumption','','110-916-0222','psumption6w@google.ru',1,'Rent','444-630-9009',1,0,0,1,'Denied'),(250,80747,900558,'Yettie Duthie','','349-727-2976','yduthie6x@google.es',0,'Own','',0,0,0,1,'Denied'),(251,80750,900516,'Ralina holmes','','811-342-1042','rholmes6y@sourceforge.net',1,'Own','',0,0,0,1,'Denied'),(252,80753,900144,'Estella Eagling','','228-856-8179','eeagling6z@wiley.com',1,'Rent','731-976-9077',0,0,1,1,'Denied'),(253,80756,900056,'Sutton Gabriel','','993-394-0995','sgabriel70@java.com',0,'Rent','965-366-3804',0,0,1,1,'Denied'),(254,80759,900568,'Art Ferrini','','322-515-2056','aferrini71@yellowpages.com',0,'Own','',1,0,0,1,'Denied'),(255,80762,900618,'Fernande Sawood','','682-289-6806','fsawood72@cyberchimps.com',1,'Own','',1,0,1,0,'Denied'),(256,80765,900338,'Casi Gouldthorp','Arden Sales','435-880-1221','cgouldthorp73@about.com',1,'Rent','290-281-9525',0,1,1,0,'Denied'),(257,80768,900034,'Darcy Clark','','291-928-9838','dclark74@hp.com',0,'Own','',1,1,1,1,'Denied'),(258,80771,900116,'Gil Ascough','Trudie Peartree','779-359-8851','gascough75@imdb.com',1,'Rent','515-951-7400',1,0,0,0,'Accepted'),(259,80774,900362,'Sinclare Dunklee','','857-894-9731','sdunklee76@angelfire.com',1,'Own','',0,1,1,0,'Denied'),(260,80777,900470,'Bartlet Ivanyushkin','Abigail Petrina','178-370-9817','bivanyushkin77@businessweek.com',0,'Rent','944-764-7748',1,1,0,0,'Denied'),(261,80780,900714,'Chiarra Dibble','','880-765-3889','cdibble78@theglobeandmail.com',0,'Own','',1,0,1,1,'Denied'),(262,80783,900544,'Katalin Creech','','806-851-6206','kcreech79@ameblo.jp',1,'Rent','683-896-9611',0,1,1,1,'Denied'),(263,80786,900156,'Wolfie Dunniom','Malissa Peddar','875-133-0077','wdunniom7a@addtoany.com',0,'Rent','981-188-8158',0,1,1,0,'Denied'),(264,80789,900568,'Fredek Popplestone','','490-633-4533','fpopplestone7b@tripod.com',1,'Rent','551-176-1751',1,1,1,1,'Denied'),(265,80792,900472,'Matt Toynbee','','761-742-1944','mtoynbee7c@gov.uk',0,'Rent','667-512-2697',1,1,0,0,'Denied'),(266,80795,900422,'Nissa Christall','','694-801-9527','nchristall7d@xinhuanet.com',0,'Own','',1,0,0,0,'Accepted'),(267,80798,900714,'Antone Few','Chic Florio','740-368-0203','afew7e@lycos.com',1,'Own','',1,1,1,1,'Denied'),(268,80801,900714,'Julio Caulcutt','Isidoro Culwen','680-294-8947','jcaulcutt7f@uiuc.edu',1,'Own','',0,0,0,1,'Denied'),(269,80804,900584,'Francois Prate','','362-445-1337','fprate7g@cbslocal.com',0,'Rent','151-625-9332',0,0,0,1,'Accepted'),(270,80807,900534,'Martin Samways','','625-577-8224','msamways7h@time.com',0,'Own','',0,1,1,1,'Denied'),(271,80810,900722,'Dacia Allsup','Derk Ruzic','112-975-8254','dallsup7i@uiuc.edu',0,'Rent','554-914-1457',1,1,1,1,'Accepted'),(272,80813,900146,'Neilla Sarten','','939-129-2910','nsarten7j@merriam-webster.com',1,'Own','',0,1,0,0,'Denied'),(273,80816,900036,'Kissiah Walsham','Latisha Ilyunin','439-638-0556','kwalsham7k@tuttocitta.it',0,'Rent','764-308-1833',0,0,1,0,'Denied'),(274,80819,900418,'Adelle Vida','Dag Dumberrill','961-113-7537','avida7l@amazon.de',1,'Own','',1,1,0,0,'Accepted'),(275,80822,900064,'Lamond Chasemore','','137-606-5390','lchasemore7m@chronoengine.com',0,'Own','',0,0,1,1,'Accepted'),(276,80825,900484,'Gonzalo Stanway','Allis Mazonowicz','526-285-1525','gstanway7n@businesswire.com',0,'Own','',1,0,0,1,'Denied'),(277,80828,900422,'Meggie Tschiersch','Elissa MacKill','786-166-6798','mtschiersch7o@nifty.com',0,'Rent','952-802-5652',0,0,0,0,'Denied'),(278,80831,900256,'Rusty Madgett','Tracie Veivers','700-386-3663','rmadgett7p@rediff.com',0,'Own','',0,0,0,0,'Denied'),(279,80834,900056,'Pauli Roscrigg','Jamaal Caldera','844-519-8126','proscrigg7q@prlog.org',0,'Rent','104-779-4684',0,1,1,1,'Denied'),(280,80837,900548,'Ebba Jedrzej','','709-539-4669','ejedrzej7r@smh.com.au',0,'Rent','161-910-5448',1,1,1,1,'Accepted'),(281,80840,900534,'Lolly Girardot','','724-869-4177','lgirardot7s@nationalgeographic.com',0,'Rent','383-499-6953',0,0,1,1,'Denied'),(282,80843,900286,'Ingaborg Coull','Ruby Leisman','187-627-6079','icoull7t@ox.ac.uk',1,'Own','',1,1,0,0,'Accepted'),(283,80846,900478,'Kailey Raffin','Meghan Callender','960-923-4737','kraffin7u@prweb.com',0,'Own','',0,1,0,1,'Accepted'),(284,80849,900570,'Vere Graal','Avis Burbudge','575-795-7164','vgraal7v@arizona.edu',1,'Rent','512-857-0253',1,0,1,1,'Accepted'),(285,80852,900016,'Nikolas Cockney','Allyn Collelton','439-305-0598','ncockney7w@about.me',0,'Rent','593-155-7792',0,1,1,1,'Denied'),(286,80855,900378,'Jilli Penwell','Agnella Tue','600-224-2728','jpenwell7x@bloglovin.com',1,'Own','',0,0,0,1,'Denied'),(287,80858,900202,'Sisile Sach','Rhianna Sawdy','666-442-1323','ssach7y@vistaprint.com',0,'Own','',0,1,1,1,'Denied'),(288,80861,900486,'Goldarina Swaine','Erda Allpress','224-899-2759','gswaine7z@cisco.com',0,'Rent','280-375-0858',1,1,0,1,'Denied'),(289,80864,900256,'Isaiah Beckley','Constancy Burgis','467-483-5639','ibeckley80@posterous.com',1,'Own','',0,1,0,1,'Denied'),(290,80867,900276,'Burnard Yesinin','','577-900-4221','byesinin81@amazon.co.jp',0,'Rent','862-815-5876',0,0,1,1,'Accepted'),(291,80870,900246,'Wynny Kainz','','709-196-7371','wkainz82@mozilla.com',1,'Own','',1,0,0,1,'Denied'),(292,80873,900274,'Kym Hugnet','Andie Ibert','547-363-0767','khugnet83@imageshack.us',1,'Rent','590-723-9165',1,0,1,0,'Accepted'),(293,80876,900430,'Normand Janout','Pamella Ellwell','914-775-2116','njanout84@twitpic.com',0,'Own','',0,1,0,0,'Denied'),(294,80879,900274,'Sapphire Colwill','Ludovico Glassopp','786-351-4770','scolwill85@squarespace.com',1,'Own','',0,1,0,0,'Denied'),(295,80882,900020,'Pincus Lauthian','','854-482-1334','plauthian86@auda.org.au',0,'Rent','604-898-0626',1,0,0,0,'Accepted'),(296,80885,900144,'Baryram Moran','Godart State','634-636-9978','bmoran87@arizona.edu',1,'Rent','408-690-9705',1,0,1,1,'Denied'),(297,80888,900530,'Alejandrina Rimmer','Shawn Shoorbrooke','317-163-1663','arimmer88@google.es',1,'Own','',1,0,0,0,'Denied'),(298,80891,900716,'Val Iacomi','','415-327-2016','viacomi89@clickbank.net',1,'Own','',0,0,0,1,'Denied'),(299,80894,900618,'Alphard Yewdale','Shandra Skill','924-735-2747','ayewdale8a@meetup.com',1,'Rent','601-864-8679',0,0,1,0,'Denied'),(300,80897,900620,'Dionisio McGaffey','','419-996-8612','dmcgaffey8b@boston.com',1,'Own','',0,1,1,1,'Accepted'),(301,80900,900076,'Waylen Gilhooly','','436-724-8459','wgilhooly8c@hubpages.com',1,'Own','',0,0,1,1,'Denied'),(302,80903,900056,'Koral Kener','Nona McCready','707-597-8813','kkener8d@e-recht24.de',1,'Rent','933-950-0778',0,1,1,0,'Denied'),(303,80906,900262,'Gabbie Dank','','565-555-2539','gdank8e@mac.com',0,'Rent','816-536-1441',0,1,0,0,'Denied'),(304,80909,900418,'Koral Mellish','','830-402-5152','kmellish8f@google.co.jp',0,'Own','',0,1,0,1,'Denied'),(305,80912,900564,'Fancie Raynes','','314-417-2322','fraynes8g@oaic.gov.au',0,'Own','',0,0,0,0,'Denied'),(306,80915,900302,'Homer Bow','','527-108-5826','hbow8h@instagram.com',0,'Own','',1,1,0,0,'Denied'),(307,80918,900278,'Florida McCafferky','','227-326-9037','fmccafferky8i@nydailynews.com',0,'Own','',1,0,0,0,'Denied'),(308,80921,900576,'Darline Pedroni','Ajay Wombwell','866-413-6791','dpedroni8j@hostgator.com',1,'Own','',1,0,0,1,'Accepted'),(309,80924,900344,'Benedick Grisdale','Wilona Tine','314-872-6584','bgrisdale8k@liveinternet.ru',0,'Own','',0,1,1,1,'Denied'),(310,80927,900122,'Leonerd Blythe','Hillier Patrick','401-216-1547','lblythe8l@si.edu',0,'Rent','928-574-4950',1,0,1,0,'Accepted'),(311,80930,900184,'Hedwig Buttrick','','700-316-4750','hbuttrick8m@paginegialle.it',0,'Own','',0,1,1,1,'Denied'),(312,80933,900588,'Penn Schule','Judon Lopez','673-504-1830','pschule8n@etsy.com',1,'Own','',0,0,0,1,'Denied'),(313,80936,900364,'Muffin Epton','','807-660-4621','mepton8o@prweb.com',1,'Own','',1,1,0,1,'Denied'),(314,80939,900388,'Chryste Sorbey','Cassondra Wigin','282-626-8291','csorbey8p@google.it',1,'Own','',1,0,1,0,'Denied'),(315,80942,900592,'Jan Grimble','Saba Werlock','517-290-1742','jgrimble8q@arizona.edu',1,'Own','',1,0,1,0,'Denied'),(316,80945,900278,'Roseann Cullen','Esdras Carwithan','556-482-3977','rcullen8r@sbwire.com',0,'Rent','153-495-0506',0,0,1,0,'Denied'),(317,80948,900220,'Berky Follacaro','Franchot Lalonde','752-687-3851','bfollacaro8s@ebay.co.uk',1,'Own','',1,1,1,0,'Accepted'),(318,80951,900146,'Gretel Fulk','Jerri Dowda','703-879-2899','gfulk8t@geocities.com',0,'Own','',1,1,0,1,'Denied'),(319,80954,900362,'Silvan Forstall','Sheree Horlick','397-466-0945','sforstall8u@about.me',1,'Own','',0,1,1,0,'Denied'),(320,80957,900442,'Beverlee Sheehan','Bradan Fardy','690-204-5019','bsheehan8v@merriam-webster.com',0,'Own','',0,1,1,0,'Denied'),(321,80960,900012,'Ernaline Syplus','','651-680-3131','esyplus8w@myspace.com',0,'Own','',1,0,1,1,'Denied'),(322,80963,900032,'Jermaine Windle','','849-106-9283','jwindle8x@eepurl.com',1,'Rent','407-898-1503',0,1,1,1,'Denied'),(323,80966,900484,'Wolfgang Renhard','Sarita MacKenny','416-202-0426','wrenhard8y@a8.net',0,'Rent','829-433-9335',1,1,1,0,'Denied'),(324,80969,900264,'Amalie Redemile','Aridatha Vearncombe','902-574-4755','aredemile8z@macromedia.com',1,'Own','',0,0,0,1,'Denied'),(325,80972,900482,'Jeni Blay','Daria Yaakov','603-953-6083','jblay90@bbb.org',0,'Rent','581-915-7513',1,1,0,1,'Accepted'),(326,80975,900244,'Alameda Brunke','','189-923-1363','abrunke91@oracle.com',0,'Rent','209-472-9819',1,1,0,0,'Accepted'),(327,80978,900620,'Zelda Audas','Deb Redmile','168-858-8790','zaudas92@cam.ac.uk',1,'Own','',0,0,1,0,'Denied'),(328,80981,900558,'Roddy Eriksson','Estrellita Duran','255-811-4135','reriksson93@netscape.com',1,'Own','',1,1,1,1,'Denied'),(329,80984,900240,'Arlette Rubanenko','','924-304-6667','arubanenko94@cafepress.com',1,'Rent','481-762-4240',1,0,0,0,'Accepted'),(330,80987,900156,'Benton Dymond','Carin Cothey','278-906-5563','bdymond95@squidoo.com',0,'Rent','891-108-8936',0,1,1,0,'Denied'),(331,80990,900200,'Suellen Espinos','Maxine Snowman','626-633-4989','sespinos96@mysql.com',0,'Own','',1,1,0,1,'Accepted'),(332,80993,900134,'Van Moffett','','319-149-5493','vmoffett97@harvard.edu',1,'Own','',1,1,1,0,'Accepted'),(333,80996,900252,'Valera Dedman','Penelope Olyet','516-915-2069','vdedman98@wikimedia.org',1,'Rent','996-918-6210',0,0,1,1,'Denied'),(334,80999,900652,'Jeannette Trace','','680-930-9821','jtrace99@xinhuanet.com',0,'Own','',1,1,1,0,'Accepted'),(335,81002,900122,'Dimitri Graben','Shelli Duxbury','464-140-9547','dgraben9a@rakuten.co.jp',0,'Own','',0,0,0,0,'Denied'),(336,81005,900240,'Win Tookey','','513-201-3991','wtookey9b@spotify.com',1,'Rent','986-413-2682',1,1,0,1,'Denied'),(337,81008,900584,'Davey Burnup','','622-370-0007','dburnup9c@list-manage.com',1,'Own','',0,1,1,1,'Denied'),(338,81011,900578,'Petronille Verduin','','661-551-1001','pverduin9d@nymag.com',1,'Own','',0,1,1,0,'Denied'),(339,81014,900712,'Grady Corser','Ingrid Acreman','253-321-3647','gcorser9e@arizona.edu',0,'Own','',0,1,1,1,'Accepted'),(340,81017,900270,'Quill Ahlin','','200-520-0941','qahlin9f@auda.org.au',1,'Own','',1,1,1,1,'Denied'),(341,81020,900356,'Georgy Roe','Harrietta McGillreich','701-622-6084','groe9g@webeden.co.uk',0,'Own','',0,1,1,1,'Denied'),(342,81023,900578,'Mira Froment','','872-403-1127','mfroment9h@alexa.com',1,'Rent','743-630-4182',0,0,1,1,'Denied'),(343,81026,900256,'Daron Pill','','526-699-5205','dpill9i@vistaprint.com',1,'Rent','532-513-7444',0,1,0,0,'Denied'),(344,81029,900620,'Tabbitha Horlock','Findlay Dayne','654-485-8257','thorlock9j@macromedia.com',0,'Own','',1,1,0,0,'Denied'),(345,81032,900588,'Mada Chaffey','','172-363-9736','mchaffey9k@networksolutions.com',0,'Own','',1,1,0,0,'Denied'),(346,81035,900670,'Cindi Lehrer','','167-336-6462','clehrer9l@storify.com',0,'Own','',0,1,1,1,'Accepted'),(347,81038,900022,'Petey Zapata','Agneta Rihanek','629-503-7110','pzapata9m@nature.com',0,'Own','',0,0,0,0,'Accepted'),(348,81041,900558,'Tyrus Glasgow','Aurel Woolvett','118-897-6841','tglasgow9n@unesco.org',0,'Own','',1,1,0,0,'Denied'),(349,81044,900020,'Ginnifer Kieff','','648-939-9525','gkieff9o@networksolutions.com',0,'Own','',1,1,0,0,'Denied'),(350,81047,900138,'Jed Zorzini','Hayden Trengove','602-574-3588','jzorzini9p@weebly.com',0,'Rent','889-929-6975',0,0,0,0,'Accepted'),(351,81050,900512,'Tove Jurkiewicz','Charlot Clousley','547-279-8698','tjurkiewicz9q@marriott.com',0,'Rent','498-522-2660',1,0,1,0,'Denied'),(352,81053,900286,'Maribelle Mayoral','','616-447-1724','mmayoral9r@admin.ch',0,'Rent','769-923-1802',0,0,1,0,'Denied'),(353,81056,900104,'Daryle Camellini','Velma Joliffe','523-274-2275','dcamellini9s@google.pl',0,'Rent','336-451-7153',1,1,0,1,'Accepted'),(354,81059,900120,'Konrad Jayes','Willy Muzzollo','868-616-1253','kjayes9t@is.gd',1,'Own','',1,1,1,0,'Denied'),(355,81062,900410,'Iago Twentyman','','191-506-6354','itwentyman9u@biblegateway.com',0,'Own','',0,0,1,0,'Denied'),(356,81065,900484,'Verna Hinks','Keely O\' Bee','102-588-8057','vhinks9v@cbslocal.com',0,'Own','',0,0,1,1,'Denied'),(357,81068,900038,'Evy Rubke','Alameda Hargrove','385-168-0034','erubke9w@dion.ne.jp',0,'Own','',1,0,0,1,'Accepted'),(358,81071,900402,'Ardenia Anders','','504-278-7940','aanders9x@bravesites.com',1,'Rent','432-373-3665',1,0,1,1,'Accepted'),(359,81074,900248,'Pascale Cristol','','702-678-0836','pcristol9y@yahoo.co.jp',1,'Own','',1,0,1,1,'Accepted'),(360,81077,900618,'Madelin Rozec','Philippine Aldren','272-999-6066','mrozec9z@blog.com',1,'Rent','683-539-0001',1,0,1,0,'Denied'),(361,81080,900486,'Perren Ferrettino','Buckie Darrigrand','432-805-5431','pferrettinoa0@nationalgeographic.com',0,'Own','',0,1,0,0,'Denied'),(362,81083,900548,'Odessa Engel','Sim Scarce','758-691-7831','oengela1@ovh.net',1,'Own','',1,1,0,0,'Denied'),(363,81086,900740,'Guinevere Spafford','','621-740-6045','gspafforda2@pbs.org',0,'Own','',0,0,0,1,'Denied'),(364,81089,900586,'Martelle Shimoni','Nichole Ackrill','607-643-9998','mshimonia3@sphinn.com',1,'Rent','493-427-2374',1,0,1,0,'Denied'),(365,81092,900088,'Misty Warwick','Harri Towler','252-343-7356','mwarwicka4@altervista.org',1,'Own','',0,0,0,0,'Accepted'),(366,81095,900044,'Nathalia O\'Sirin','','745-745-6902','nosirina5@soundcloud.com',0,'Own','',1,0,0,0,'Accepted'),(367,81098,900550,'Darelle Putland','Fulton Giacobilio','713-510-6641','dputlanda6@wp.com',1,'Rent','716-445-2287',1,1,0,1,'Denied'),(368,81101,900362,'Gilli Ciccotto','','914-253-3192','gciccottoa7@tinyurl.com',0,'Own','',0,1,1,0,'Denied'),(369,81104,900712,'Yehudit Delatour','Dita Millwater','926-914-3388','ydelatoura8@lulu.com',1,'Own','',0,0,0,1,'Denied'),(370,81107,900598,'Lucille McCritchie','Kimberly Moxley','949-166-0459','lmccritchiea9@cam.ac.uk',1,'Rent','376-460-1806',1,1,0,0,'Denied'),(371,81110,900262,'Fern Whitebread','Milli Tincombe','739-829-3783','fwhitebreadaa@opensource.org',1,'Own','',0,1,0,0,'Denied'),(372,81113,900034,'Adah Peck','Boyd Murney','903-175-2516','apeckab@gravatar.com',1,'Own','',1,0,1,1,'Denied'),(373,81116,900332,'Mattias Peattie','Fran Delamere','535-832-5501','mpeattieac@simplemachines.org',1,'Own','',0,0,1,1,'Denied'),(374,81119,900634,'Iris Margetson','Aubrey Jeschner','694-100-6641','imargetsonad@un.org',0,'Rent','898-740-7085',0,0,1,1,'Denied'),(375,81122,900650,'Frankie Meese','Sylvia Ziem','110-154-0052','fmeeseae@nymag.com',1,'Rent','517-141-4971',0,0,1,1,'Denied'),(376,81125,900736,'Winifred Spendlove','Nataline Hayers','638-880-9239','wspendloveaf@wikipedia.org',1,'Own','',0,1,0,1,'Denied'),(377,81128,900454,'Sherie Swithenby','Hatti Watson','572-644-3245','sswithenbyag@51.la',1,'Own','',0,0,0,0,'Accepted'),(378,81131,900512,'Jermayne Shanahan','Madelena Ciotto','807-632-6586','jshanahanah@tripadvisor.com',0,'Rent','442-639-3797',1,0,0,0,'Denied'),(379,81134,900386,'Stevena Cayford','Morris Oakenford','295-729-5549','scayfordai@goo.ne.jp',1,'Own','',1,1,0,0,'Accepted'),(380,81137,900156,'Bengt Sidebottom','Vernen Bunyard','536-585-1546','bsidebottomaj@google.ca',1,'Rent','120-478-8762',0,1,1,0,'Denied'),(381,81140,900162,'Desmond Orteaux','','122-532-7906','dorteauxak@ca.gov',0,'Rent','341-159-3485',1,0,1,0,'Accepted'),(382,81143,900588,'Kaspar Finnan','','826-216-0041','kfinnanal@webmd.com',1,'Rent','611-663-5160',0,0,1,1,'Denied'),(383,81146,900044,'Dwayne Deschlein','','338-932-8713','ddeschleinam@hhs.gov',1,'Own','',1,0,0,0,'Denied'),(384,81149,900134,'Giselbert Colquhoun','Cyndie Plett','739-251-0095','gcolquhounan@quantcast.com',1,'Own','',1,0,1,1,'Denied'),(385,81152,900592,'Gram Woodcroft','','311-514-5522','gwoodcroftao@nps.gov',0,'Own','',1,1,0,0,'Denied'),(386,81155,900438,'Oby Fleisch','Mamie Londsdale','313-612-1934','ofleischap@unc.edu',0,'Own','',1,0,0,1,'Denied'),(387,81158,900550,'Jennica Hansel','Louisa Eric','996-550-7382','jhanselaq@time.com',0,'Rent','403-104-3862',0,0,1,0,'Denied'),(388,81161,900502,'Craig Kilban','Deena Lathaye','279-185-6326','ckilbanar@addthis.com',0,'Own','',0,0,0,0,'Denied'),(389,81164,900144,'Joseito Oleszczak','Allina O\'Meara','246-354-3732','joleszczakas@soup.io',0,'Rent','313-382-0047',0,0,1,1,'Denied'),(390,81167,900164,'Frederico Lugden','','902-517-8780','flugdenat@guardian.co.uk',0,'Rent','395-643-9704',1,0,1,1,'Denied'),(391,81170,900714,'Bren Musterd','Washington Kerin','932-532-0772','bmusterdau@bbb.org',1,'Rent','122-364-7542',1,1,1,0,'Denied'),(392,81173,900660,'Charmain Tezure','Louella Flatman','880-508-3375','ctezureav@cnn.com',0,'Own','',1,1,1,1,'Denied'),(393,81176,900736,'Corliss Paulich','Minta Abelevitz','687-904-2972','cpaulichaw@ycombinator.com',1,'Own','',0,1,0,0,'Denied'),(394,81179,900202,'Gennifer Schulter','Nady Addionisio','696-779-8382','gschulterax@newyorker.com',0,'Own','',0,1,0,0,'Denied'),(395,81182,900638,'Pollyanna Paget','','647-678-7486','ppagetay@creativecommons.org',0,'Rent','859-160-6221',0,0,1,0,'Denied'),(396,81185,900348,'Amabelle Crusham','Lonnard Ridger','693-730-5105','acrushamaz@marketwatch.com',0,'Rent','741-955-6759',1,1,0,1,'Denied'),(397,81188,900490,'Delmor Jenkin','','693-979-8024','djenkinb0@msn.com',0,'Own','',1,0,0,1,'Denied'),(398,81191,900320,'Engelbert Crumley','Pren Kuhlmey','867-272-0947','ecrumleyb1@earthlink.net',1,'Own','',0,0,0,1,'Accepted'),(399,81194,900012,'Andeee Gyrgorcewicx','Blisse Behneke','251-525-0418','agyrgorcewicxb2@comsenz.com',1,'Rent','410-534-6855',1,1,0,1,'Denied'),(400,81197,900364,'Cassey Bocke','Alexandr Heinrich','679-636-9941','cbockeb3@fotki.com',1,'Own','',0,0,0,0,'Denied'),(401,81200,900352,'Shelton Devil','Joanna Laffling','957-463-7680','sdevilb4@sbwire.com',1,'Rent','592-733-2956',0,1,0,1,'Denied'),(402,81203,900274,'Cozmo Gavrieli','Ashlin Kaszper','780-787-8082','cgavrielib5@chronoengine.com',0,'Own','',1,0,0,0,'Denied'),(403,81206,900486,'Raimund Campione','Aldous De\'Ath','238-192-7021','rcampioneb6@g.co',0,'Rent','738-617-9746',1,1,1,1,'Denied'),(404,81209,900660,'Fletch Beade','','729-524-7696','fbeadeb7@techcrunch.com',1,'Own','',1,1,1,1,'Denied'),(405,81212,900168,'Georges Taylerson','','513-515-9701','gtaylersonb8@shutterfly.com',1,'Own','',0,0,1,0,'Denied'),(406,81215,900442,'Demetria Dumingo','','417-212-1940','ddumingob9@virginia.edu',0,'Rent','595-994-4725',0,0,0,0,'Denied'),(407,81218,900554,'Abie Bocking','','767-799-8859','abockingba@cisco.com',0,'Rent','372-400-0581',0,1,1,1,'Accepted'),(408,81221,900584,'Levin Karpman','Malissia Nealand','436-571-3251','lkarpmanbb@github.com',0,'Own','',1,0,1,1,'Denied'),(409,81224,900194,'Bonni Trembath','','305-322-1234','btrembathbc@jimdo.com',1,'Rent','675-370-7947',0,1,0,0,'Denied'),(410,81227,900408,'Grata Crepin','Ali Doyland','270-346-5712','gcrepinbd@ebay.co.uk',0,'Own','',1,0,1,0,'Denied'),(411,81230,900446,'Carmina Skase','','898-244-1559','cskasebe@earthlink.net',0,'Own','',0,1,0,1,'Denied'),(412,81233,900178,'King Lahy','Eugene Valasek','248-887-5460','klahybf@privacy.gov.au',0,'Rent','314-794-2785',1,0,0,1,'Denied'),(413,81236,900314,'Reeva Gergus','Wilbur Whiffin','255-301-4179','rgergusbg@macromedia.com',1,'Rent','402-212-2550',0,1,1,1,'Denied'),(414,81239,900712,'Lory Denial','Amberly Harner','784-815-3645','ldenialbh@tripadvisor.com',0,'Rent','983-155-2163',1,1,1,0,'Denied'),(415,81242,900574,'Estrellita Balchen','','356-177-7889','ebalchenbi@amazonaws.com',1,'Own','',1,1,1,0,'Denied'),(416,81245,900516,'Perkin Sleath','Maje Cutforth','988-739-4550','psleathbj@g.co',0,'Rent','402-554-1018',1,1,0,1,'Denied'),(417,81248,900478,'Breanne Cheney','','534-527-5475','bcheneybk@taobao.com',1,'Rent','298-449-9881',0,1,1,0,'Denied'),(418,81251,900572,'Felicity Maidment','','233-872-1577','fmaidmentbl@unc.edu',1,'Own','',1,1,1,0,'Denied'),(419,81254,900278,'Blinny Prestie','','184-332-1892','bprestiebm@cbsnews.com',0,'Own','',0,1,1,0,'Denied'),(420,81257,900230,'Holt Shalders','Skylar Menico','500-725-4774','hshaldersbn@aol.com',0,'Own','',1,1,1,0,'Denied'),(421,81260,900374,'Bo Thurske','','549-297-9930','bthurskebo@mail.ru',0,'Rent','946-628-0446',1,0,1,1,'Denied'),(422,81263,900740,'Michelle Hazeley','Krissy Douthwaite','155-744-9671','mhazeleybp@quantcast.com',0,'Rent','105-712-4754',0,1,0,1,'Denied'),(423,81266,900386,'Felike Scallan','Dorene Michele','110-451-9115','fscallanbq@ow.ly',0,'Own','',1,1,1,0,'Denied'),(424,81269,900494,'Margette Glencros','','297-995-9067','mglencrosbr@mac.com',1,'Rent','685-405-7941',1,1,0,1,'Denied'),(425,81272,900574,'Jaclin Bau','','963-771-5186','jbaubs@home.pl',1,'Own','',0,1,1,0,'Denied'),(426,81275,900096,'Leone Pawlicki','Sven Touzey','281-283-2516','lpawlickibt@mapy.cz',1,'Own','',0,0,0,0,'Denied'),(427,81278,900404,'Ferguson Wiles','','375-275-3712','fwilesbu@microsoft.com',0,'Rent','916-937-2432',0,0,1,1,'Accepted'),(428,81281,900388,'Lilias Orth','','361-939-4183','lorthbv@google.pl',0,'Own','',1,1,1,1,'Denied'),(429,81284,900534,'Clarie Clopton','','913-376-5816','ccloptonbw@toplist.cz',0,'Own','',0,0,0,0,'Denied'),(430,81287,900716,'Friedrich Patinkin','Callida Crassweller','856-615-0511','fpatinkinbx@hostgator.com',0,'Own','',0,1,1,1,'Denied'),(431,81290,900252,'Philly Crimin','Carlyle Dash','482-747-9927','pcriminby@dagondesign.com',1,'Rent','410-885-8353',0,1,0,0,'Denied'),(432,81293,900126,'Kristi Stout','','336-388-8222','kstoutbz@nba.com',1,'Rent','645-182-3847',1,0,1,1,'Denied'),(433,81296,900436,'Alvan Mecozzi','','378-737-5505','amecozzic0@yale.edu',0,'Own','',1,0,0,1,'Accepted'),(434,81299,900596,'Brigitta Linger','','368-208-2661','blingerc1@scientificamerican.com',0,'Rent','768-400-9458',0,0,0,1,'Denied'),(435,81302,900602,'Sergeant Kase','','890-690-5843','skasec2@answers.com',1,'Own','',1,0,1,0,'Denied'),(436,81305,900262,'Brandais Vynehall','Nonna Tenny','833-145-4375','bvynehallc3@wunderground.com',0,'Own','',1,0,1,0,'Denied'),(437,81308,900050,'Lilyan Risen','Amory Pennycord','310-591-6389','lrisenc4@mapy.cz',0,'Own','',0,1,0,0,'Accepted'),(438,81311,900436,'Karl Quirke','Amerigo Sissons','159-834-8763','kquirkec5@people.com.cn',0,'Own','',0,0,0,0,'Denied'),(439,81314,900614,'Korrie Hallick','Doe Lawie','896-148-1402','khallickc6@stanford.edu',0,'Rent','332-785-4002',1,0,1,0,'Accepted'),(440,81317,900348,'Ginger Regis','','815-904-1461','gregisc7@howstuffworks.com',0,'Own','',1,0,0,1,'Denied'),(441,81320,900548,'Haydon Wanklyn','','412-857-3112','hwanklync8@sakura.ne.jp',0,'Own','',0,1,1,0,'Denied'),(442,81323,900476,'Zenia Rude','Ofilia Boundey','575-605-6707','zrudec9@lulu.com',1,'Rent','893-378-7733',0,1,1,0,'Accepted'),(443,81326,900136,'Dannye Widd','','363-736-6182','dwiddca@icq.com',1,'Rent','768-685-8911',1,0,0,0,'Denied'),(444,81329,900442,'Aldwin Mityushin','Ceciley Batkin','869-858-3579','amityushincb@businessinsider.com',0,'Own','',1,0,0,0,'Denied'),(445,81332,900586,'Maurine Lavin','','497-295-6993','mlavincc@comcast.net',1,'Rent','956-403-3107',0,0,0,1,'Denied'),(446,81335,900386,'Thomasine Forshaw','Page Seaking','926-998-4626','tforshawcd@loc.gov',1,'Own','',0,1,1,1,'Denied'),(447,81338,900632,'Lauri Misken','Marlee Woolston','249-139-4067','lmiskence@oracle.com',0,'Rent','977-633-3075',1,1,0,0,'Denied'),(448,81341,900560,'Meris Prantoni','Emylee Skalls','990-731-1881','mprantonicf@theglobeandmail.com',0,'Rent','156-536-7841',1,0,1,0,'Accepted'),(449,81344,900452,'Pansy Cullivan','Charita Noke','153-650-1323','pcullivancg@mysql.com',1,'Rent','455-207-0232',1,0,0,1,'Denied'),(450,81347,900276,'Quintilla Pallin','Eleonora Columbine','649-964-5548','qpallinch@ask.com',1,'Own','',0,1,0,0,'Denied'),(451,81350,900558,'Kareem Lindenblatt','Lorelei Farquar','893-787-5953','klindenblattci@constantcontact.com',1,'Own','',0,1,1,0,'Denied'),(452,81353,900586,'Trish Fantini','Odelia Fearns','806-599-2386','tfantinicj@mit.edu',0,'Rent','172-341-4528',0,1,0,0,'Denied'),(453,81356,900078,'Lionel McGreal','Justinn Compfort','856-936-2750','lmcgrealck@mlb.com',1,'Own','',1,1,0,1,'Denied'),(454,81359,900436,'Fonz Jovic','','160-853-7057','fjoviccl@facebook.com',0,'Own','',1,0,1,1,'Denied'),(455,81362,900126,'Loralie Dawidowitz','Charlena Van Dalen','329-487-5564','ldawidowitzcm@mashable.com',1,'Rent','707-331-9816',0,1,1,0,'Denied'),(456,81365,900240,'Bradly Jardein','Reta Fazakerley','222-264-2207','bjardeincn@hexun.com',0,'Own','',1,1,0,0,'Denied'),(457,81368,900090,'Hayes Djurkovic','Meggy Widmoor','984-193-2776','hdjurkovicco@prnewswire.com',1,'Rent','266-825-4747',1,0,0,1,'Denied'),(458,81371,900022,'Lisabeth O\'Kinneally','','943-568-9528','lokinneallycp@t.co',0,'Rent','135-404-2265',0,0,0,0,'Denied'),(459,81374,900200,'Alexine Derrick','Sydel Pauluzzi','480-504-3571','aderrickcq@patch.com',1,'Rent','281-574-0036',0,0,0,1,'Denied'),(460,81377,900478,'Orville Dykins','','261-102-9182','odykinscr@ucsd.edu',1,'Own','',1,1,0,1,'Denied'),(461,81380,900418,'Giacobo Clair','Lanny O\'Kelly','534-184-1392','gclaircs@answers.com',0,'Rent','814-201-4677',1,1,1,0,'Denied'),(462,81383,900596,'Arabele Baline','Ari Storkes','379-852-0709','abalinect@microsoft.com',0,'Own','',0,1,0,0,'Denied'),(463,81386,900714,'Fredek Wesson','','618-219-9750','fwessoncu@opera.com',1,'Own','',0,1,0,1,'Denied'),(464,81389,900232,'Tracee Earley','Ferdinanda Parnby','899-390-9142','tearleycv@google.com.au',0,'Own','',1,0,1,0,'Denied'),(465,81392,900454,'Marylin Robertot','','610-264-6821','mrobertotcw@cbsnews.com',1,'Own','',0,0,0,1,'Denied'),(466,81395,900530,'Ursala Plaschke','Edin Wilshire','438-927-4500','uplaschkecx@chron.com',0,'Own','',0,0,1,1,'Denied'),(467,81398,900606,'Kathie Quartermain','Elisa Arniz','858-921-7461','kquartermaincy@imdb.com',1,'Own','',0,0,1,0,'Denied'),(468,81401,900452,'Garrek Reffe','','628-554-4670','greffecz@acquirethisname.com',0,'Rent','162-199-3528',0,1,0,0,'Denied'),(469,81404,900010,'Jeth Bleythin','Veradis Harvey','813-990-6953','jbleythind0@oaic.gov.au',0,'Own','',1,1,0,1,'Denied'),(470,81407,900264,'Fee Kemmet','','301-722-8338','fkemmetd1@tripod.com',0,'Own','',0,0,1,0,'Denied'),(471,81410,900398,'Lorenza Rispine','Maryanne Killimister','877-515-9983','lrispined2@live.com',0,'Rent','600-865-0925',0,1,1,0,'Denied'),(472,81413,900486,'Lorena Ovett','Auguste Edgler','489-435-8657','lovettd3@rakuten.co.jp',1,'Own','',0,0,1,0,'Denied'),(473,81416,900566,'Bear Dailey','Dyanne Lepoidevin','585-427-3736','bdaileyd4@npr.org',1,'Rent','553-276-1871',0,1,1,1,'Denied'),(474,81419,900162,'Hebert Merrisson','Phebe Grimolbie','892-202-6394','hmerrissond5@bloglovin.com',1,'Own','',0,1,0,1,'Denied'),(475,81422,900146,'Austen Darragh','','499-984-0850','adarraghd6@fda.gov',0,'Own','',0,1,1,0,'Denied'),(476,81425,900264,'Antonella Webben','Osbert Pantlin','240-982-1418','awebbend7@usnews.com',1,'Rent','254-436-2818',1,0,1,0,'Denied'),(477,81428,900296,'Freddie Petrushanko','','565-783-9394','fpetrushankod8@bravesites.com',1,'Own','',0,0,1,1,'Denied'),(478,81431,900148,'Alaric Chelam','Tanhya Klawi','633-549-7370','achelamd9@zimbio.com',1,'Own','',0,0,0,0,'Denied'),(479,81434,900532,'Bay Lavallie','','648-251-8908','blavallieda@mapy.cz',0,'Rent','661-843-3966',0,0,0,0,'Denied'),(480,81437,900126,'Shel Fairhall','','853-137-3484','sfairhalldb@last.fm',0,'Own','',1,0,1,0,'Denied'),(481,81440,900530,'Noreen Deerness','Giacomo Bleue','969-177-5478','ndeernessdc@wikimedia.org',0,'Rent','801-378-8560',1,0,1,0,'Denied'),(482,81443,900274,'Odey Tuckett','','450-362-2551','otuckettdd@g.co',1,'Own','',0,1,0,0,'Denied'),(483,81446,900240,'Gerti Crann','Tanitansy Greenstock','517-367-3800','gcrannde@wisc.edu',0,'Own','',0,0,0,1,'Denied'),(484,81449,900172,'Brietta Lisciardelli','','713-330-4150','blisciardellidf@w3.org',0,'Rent','458-488-6960',1,0,1,1,'Denied'),(485,81452,900044,'Elvis Saunier','Simonne Peppin','575-481-0360','esaunierdg@domainmarket.com',0,'Rent','558-910-3078',1,0,1,1,'Denied'),(486,81455,900352,'Jacquenette Ruffles','','905-823-2517','jrufflesdh@cocolog-nifty.com',0,'Rent','767-381-5956',0,0,0,1,'Denied'),(487,81458,900362,'Cory Filipyev','','299-385-4831','cfilipyevdi@domainmarket.com',1,'Rent','821-105-7162',1,1,0,1,'Denied'),(488,81461,900638,'Bridie Mabbitt','Joseito Dallander','137-530-5656','bmabbittdj@utexas.edu',1,'Rent','456-245-9819',1,0,1,1,'Denied'),(489,81464,900118,'Joanie Cunde','Skippy Dawney','715-823-6820','jcundedk@examiner.com',0,'Rent','926-497-4860',0,0,1,0,'Accepted'),(490,81467,900096,'Concettina Denys','','986-258-2892','cdenysdl@umn.edu',1,'Rent','897-910-3117',0,0,1,1,'Denied'),(491,81470,900564,'Erich Arlott','','421-679-9944','earlottdm@yale.edu',0,'Own','',1,1,0,1,'Denied'),(492,81473,900118,'Christine Flicker','','358-735-1964','cflickerdn@moonfruit.com',1,'Rent','529-907-5897',0,1,1,0,'Denied'),(493,81476,900486,'Merla Sollime','Torey Madgwich','426-425-7175','msollimedo@pcworld.com',1,'Own','',0,1,0,0,'Denied'),(494,81479,900570,'Allene Gudgen','Rachael Garthside','352-523-0190','agudgendp@wunderground.com',0,'Rent','278-448-5898',0,1,1,0,'Denied'),(495,81482,900712,'Tish Tallant','','137-226-7773','ttallantdq@washingtonpost.com',1,'Own','',1,1,1,0,'Denied'),(496,81485,900530,'Gerrilee Anster','','323-680-6258','gansterdr@github.com',1,'Own','',0,0,1,0,'Denied'),(497,81488,900484,'Jasmine Rosenfelt','Appolonia Sentance','395-860-4246','jrosenfeltds@ezinearticles.com',1,'Own','',1,0,0,0,'Denied'),(498,81491,900728,'Rosanna Longstreeth','Kingston Hawkswood','150-535-6533','rlongstreethdt@bbc.co.uk',1,'Rent','539-881-7766',0,1,0,1,'Denied'),(499,81494,900566,'Jeddy McNeilly','','293-838-7335','jmcneillydu@ycombinator.com',0,'Own','',1,0,0,0,'Denied'),(500,81497,900202,'Margret Ley','Jere MacSkeagan','432-565-9844','mleydv@ted.com',1,'Own','',1,0,1,0,'Denied');
/*!40000 ALTER TABLE `adoption_application` ENABLE KEYS */;
UNLOCK TABLES;

--
-- Table structure for table `adoption_fees`
--

DROP TABLE IF EXISTS `adoption_fees`;
/*!40101 SET @saved_cs_client     = @@character_set_client */;
/*!50503 SET character_set_client = utf8mb4 */;
CREATE TABLE `adoption_fees` (
  `Animal_Type` varchar(25) NOT NULL,
  `Cost` decimal(15,2) NOT NULL,
  `Includes` tinytext,
  PRIMARY KEY (`Animal_Type`)
) ENGINE=InnoDB DEFAULT CHARSET=utf8mb4 COLLATE=utf8mb4_0900_ai_ci;
/*!40101 SET character_set_client = @saved_cs_client */;

--
-- Dumping data for table `adoption_fees`
--

LOCK TABLES `adoption_fees` WRITE;
/*!40000 ALTER TABLE `adoption_fees` DISABLE KEYS */;
INSERT INTO `adoption_fees` VALUES ('Cat',75.00,'Spay/Neuter, Microchip, Rabies Shot, FVRCP, De-Worming, FELV/FIV Tests'),('Dog (Adult)',75.00,'Spay/Neuter, Microchip, Rabies Shot, DA2PPV, Bordetella, De-worming, Heartworm Test (For dogs over 6 months)'),('Dog (Puppy)',110.00,'Spay/Neuter, Microchip, Rabies Shot, DA2PPV, Bordetella, De-worming, Heartworm Test (For dogs over 6 months)'),('Farm Animal (Large)',50.00,''),('Farm Animal (Small)',20.00,'');
/*!40000 ALTER TABLE `adoption_fees` ENABLE KEYS */;
UNLOCK TABLES;

--
-- Table structure for table `animal`
--

DROP TABLE IF EXISTS `animal`;
/*!40101 SET @saved_cs_client     = @@character_set_client */;
/*!50503 SET character_set_client = utf8mb4 */;
CREATE TABLE `animal` (
  `ID` int NOT NULL,
  `Name` varchar(25) NOT NULL,
  `Type` varchar(25) NOT NULL,
  `Shelter_ID` int NOT NULL,
  `Age_Years` int DEFAULT NULL,
  `Color` varchar(15) DEFAULT NULL,
  `Breed` varchar(50) DEFAULT NULL,
  `Gender` enum('M','F') NOT NULL,
  `Good_With_Children` tinyint(1) DEFAULT NULL,
  `Good_With_Men` tinyint(1) DEFAULT NULL,
  `Good_With_Animals` tinyint(1) DEFAULT NULL,
  `House_trained` tinyint(1) DEFAULT NULL,
  `Special_Needs` tinyint(1) NOT NULL,
  `Intake_Date` date NOT NULL,
  `Photo` blob,
  `Adoption_Status` enum('Adopted','Processing','Available','Fostered','Unavailable') DEFAULT NULL,
  PRIMARY KEY (`ID`),
  KEY `Type` (`Type`),
  CONSTRAINT `animal_ibfk_1` FOREIGN KEY (`Type`) REFERENCES `adoption_fees` (`Animal_Type`)
) ENGINE=InnoDB DEFAULT CHARSET=utf8mb4 COLLATE=utf8mb4_0900_ai_ci;
/*!40101 SET character_set_client = @saved_cs_client */;

--
-- Dumping data for table `animal`
--

LOCK TABLES `animal` WRITE;
/*!40000 ALTER TABLE `animal` DISABLE KEYS */;
INSERT INTO `animal` VALUES (900010,'Sir Finnagan','Cat',1,14,'Black','Mix','F',1,0,0,0,0,'2022-06-04','','Adopted'),(900012,'Liby','Cat',1,5,'Orange','Mix','M',1,0,0,0,0,'2023-01-10','','Adopted'),(900014,'Donte','Cat',1,4,'Black','Mix','F',1,1,0,1,0,'2022-10-05','','Available'),(900016,'Sprite','Dog (Adult)',1,5,'Mix','German Shepherd','M',1,1,1,1,0,'2022-06-22','','Adopted'),(900018,'Trisket','Dog (Adult)',1,7,'Mix','Rootweiler','F',0,1,1,1,0,'2022-10-27','','Adopted'),(900020,'Chama','Dog (Adult)',1,18,'Mix','Boxer','M',1,1,1,1,0,'2022-08-31','','Adopted'),(900022,'Samsen','Dog (Puppy)',1,1,'Mix','German Shepherd','M',1,1,1,1,0,'2022-04-30','','Adopted'),(900024,'Chui','Dog (Puppy)',1,1,'White','Beagle','F',1,1,1,1,0,'2022-02-28','','Adopted'),(900026,'Pooka','Dog (Adult)',1,14,'White','Terrier','M',1,1,1,1,0,'2022-02-17','','Adopted'),(900028,'Mr. Muggles','Dog (Adult)',1,10,'Black','Pomeranian','M',0,0,1,0,0,'2022-10-31','','Adopted'),(900030,'Lucinda','Dog (Puppy)',1,1,'Red','Mix','M',0,0,1,0,0,'2022-02-12','','Available'),(900032,'Nyxie','Dog (Adult)',1,17,'Mix','Mix','F',0,0,1,1,0,'2022-01-14','','Adopted'),(900034,'Upland Ava O\'Nessa','Dog (Puppy)',1,1,'Brown','Beagle','M',1,1,0,1,0,'2022-06-03','','Adopted'),(900036,'Queen','Cat',1,2,'Mix','Mix','M',1,1,0,1,0,'2022-12-13','','Adopted'),(900038,'Alpha','Cat',1,4,'White','Abyssinian','F',1,1,0,1,0,'2022-07-08','','Adopted'),(900040,'Mayling','Dog (Adult)',1,19,'Mix','Beagle','F',1,1,0,0,0,'2022-12-29','','Available'),(900042,'Moclips','Dog (Adult)',1,12,'Brown','Boxer','M',1,1,0,0,0,'2022-03-28','','Adopted'),(900044,'Ianto','Cat',1,14,'Mix','Tabby','F',1,1,1,1,0,'2022-03-09','','Adopted'),(900046,'Cramer','Cat',1,10,'Orange','Persian','M',1,1,1,1,0,'2022-12-07','','Available'),(900048,'Ophelia','Dog (Puppy)',1,1,'Blonde','Terrier','F',1,1,1,1,0,'2022-11-25','','Available'),(900050,'Angie','Dog (Adult)',1,18,'Mix','Rootweiler','M',1,1,1,1,0,'2022-02-08','','Adopted'),(900052,'Ethan','Cat',1,4,'Mix','Abyssinian','F',0,0,1,1,0,'2022-11-30','','Adopted'),(900054,'Kotee','Cat',1,18,'Brown','Ragdoll','F',0,0,1,1,1,'2022-05-13','','Unavailable'),(900056,'Luci Fur','Cat',1,18,'Black','Tabby','F',1,1,1,1,1,'2022-04-19','','Adopted'),(900058,'Franco','Cat',1,7,'Red','Abyssinian','M',1,1,1,1,1,'2022-04-22','','Fostered'),(900060,'Bombay','Dog (Puppy)',1,1,'Brown','Beagle','M',1,1,1,1,1,'2022-11-01','','Available'),(900062,'Leela Chertova','Dog (Adult)',1,18,'Brown','Mix','F',0,0,0,0,0,'2022-12-10','','Available'),(900064,'Chudleigh','Dog (Adult)',1,14,'Mix','German Shepherd','M',0,0,0,0,0,'2022-06-09','','Adopted'),(900066,'Ukiah','Dog (Adult)',1,12,'Mix','Mix','F',1,1,1,0,0,'2022-03-10','','Available'),(900068,'Geordie','Dog (Adult)',1,7,'Mix','Beagle','F',1,1,1,0,0,'2022-04-03','','Adopted'),(900070,'P B','Dog (Adult)',1,13,'Mix','Pomeranian','F',1,1,1,0,0,'2022-12-09','','Available'),(900072,'Roux','Dog (Puppy)',1,1,'Brown','Shih Tzu','F',1,1,1,0,0,'2022-10-08','','Adopted'),(900074,'Bubba Klaus','Dog (Puppy)',1,1,'Mix','Dachshund','F',1,1,1,0,0,'2022-03-15','','Fostered'),(900076,'Sage','Cat',1,11,'Black','Devon Rex','M',1,1,1,0,0,'2022-01-10','','Adopted'),(900078,'Harriet','Cat',1,20,'Brown','Abyssinian','M',1,1,1,0,0,'2022-06-28','','Adopted'),(900080,'Laki','Cat',1,10,'Mix','Mix','M',1,1,1,0,0,'2022-11-06','','Available'),(900082,'Pandora','Dog (Adult)',1,7,'Red','Mix','F',1,1,1,0,0,'2022-09-05','','Available'),(900084,'Kira','Dog (Adult)',1,18,'Brown','Beagle','F',1,1,1,0,0,'2022-05-12','','Fostered'),(900086,'Darwin','Dog (Puppy)',1,1,'Black','Terrier','M',0,0,0,0,0,'2022-04-05','','Unavailable'),(900088,'Kenneth','Dog (Adult)',1,7,'Mix','Mix','M',0,0,0,0,0,'2022-03-21','','Adopted'),(900090,'Ellie Frye','Dog (Adult)',1,14,'Blonde','Bulldog','M',0,1,1,1,0,'2022-03-01','','Adopted'),(900092,'Tengo','Farm Animal (Large)',1,1,'Blonde','','F',0,1,1,1,0,'2022-11-09','','Fostered'),(900094,'Jameson','Dog (Puppy)',1,1,'Blonde','Boxer','M',1,1,1,1,0,'2022-07-18','','Adopted'),(900096,'Perrie','Farm Animal (Large)',1,17,'Blonde','','M',1,1,1,1,0,'2022-03-30','','Adopted'),(900098,'olive','Farm Animal (Large)',1,11,'Orange','','F',1,1,1,1,0,'2022-06-23','','Available'),(900100,'Paris','Dog (Adult)',1,15,'White','Rootweiler','M',1,1,1,1,0,'2022-10-16','','Adopted'),(900102,'Dane','Dog (Puppy)',1,1,'Mix','German Shepherd','F',0,1,1,1,0,'2022-07-07','','Adopted'),(900104,'Della','Cat',1,9,'Brown','Persian','F',0,1,1,1,0,'2023-02-09','','Adopted'),(900106,'OB','Cat',1,19,'Blonde','Scottish Fold','M',0,1,1,1,0,'2022-07-31','','Available'),(900108,'Gloria Belle','Dog (Adult)',1,7,'Brown','Mix','M',0,0,0,0,0,'2022-12-03','','Available'),(900110,'Reynolds','Dog (Adult)',1,16,'Blonde','Bulldog','M',1,1,1,1,0,'2022-12-19','','Available'),(900112,'Rigby','Farm Animal (Large)',1,6,'White','','M',1,1,1,1,0,'2023-01-25','','Fostered'),(900114,'Allison','Dog (Adult)',1,13,'Mix','Mix','F',1,1,1,1,0,'2023-01-15','','Available'),(900116,'FlapJack','Dog (Adult)',1,19,'Red','Mix','M',1,1,1,1,0,'2022-01-26','','Adopted'),(900118,'Calvin Coolidge','Cat',1,7,'Brown','Tabby','F',1,1,1,1,0,'2022-01-01','','Adopted'),(900120,'Berkeley','Cat',1,10,'Blonde','Devon Rex','F',1,1,1,1,0,'2022-05-31','','Adopted'),(900122,'Kirsch','Farm Animal (Large)',1,8,'Black','','F',1,1,1,1,0,'2022-01-04','','Adopted'),(900124,'Cota','Dog (Adult)',1,10,'Black','German Shepherd','M',0,0,0,0,0,'2022-08-12','','Unavailable'),(900126,'Fred \"Freddie\"','Dog (Adult)',1,2,'Blonde','Boxer','F',0,0,0,0,0,'2022-02-19','','Adopted'),(900128,'Kelsey Black','Cat',1,9,'Black','Persian','M',1,0,0,0,0,'2022-02-26','','Fostered'),(900130,'Nala','Cat',1,9,'Brown','Abyssinian','M',1,1,1,1,1,'2022-12-11','','Available'),(900132,'Rudy Effner','Cat',1,9,'Brown','Tabby','M',0,1,1,1,1,'2022-09-14','','Adopted'),(900134,'Samwise','Dog (Adult)',1,15,'Orange','Dachshund','M',0,1,1,1,1,'2022-03-14','','Adopted'),(900136,'Remi','Dog (Adult)',1,8,'Red','Beagle','M',0,1,1,1,1,'2022-08-04','','Adopted'),(900138,'Stevie','Dog (Adult)',1,20,'Blonde','Mix','F',1,1,1,1,0,'2022-08-15','','Adopted'),(900140,'Fraya','Dog (Adult)',1,16,'Blonde','Shih Tzu','M',1,1,1,1,0,'2023-01-09','','Available'),(900142,'Lunita','Cat',1,12,'Blonde','Abyssinian','F',1,1,1,1,0,'2023-01-27','','Unavailable'),(900144,'Brutus','Cat',1,19,'Brown','Scottish Fold','M',1,1,1,1,0,'2022-02-03','','Adopted'),(900146,'Super Nova','Cat',1,2,'Mix','Mix','M',1,1,1,1,0,'2022-09-19','','Adopted'),(900148,'CC','Cat',1,14,'Black','Persian','M',0,0,0,0,0,'2022-01-30','','Adopted'),(900150,'Labrik','Cat',1,6,'Blonde','Abyssinian','M',0,0,1,1,1,'2022-10-11','','Available'),(900152,'Ludlow Sullivan','Cat',1,7,'Black','Mix','M',1,1,1,1,0,'2022-10-09','','Fostered'),(900154,'Padfoot (Paddy)','Cat',1,17,'Red','Tabby','M',1,1,1,1,0,'2022-07-24','','Processing'),(900156,'Glinda','Cat',1,4,'Black','Mix','F',0,0,0,0,0,'2022-08-03','','Adopted'),(900158,'Buddyboy','Cat',1,5,'Brown','Tabby','F',0,1,1,1,1,'2022-08-13','','Available'),(900160,'Liesl','Cat',1,5,'Brown','Ragdoll','F',1,1,1,1,1,'2022-02-06','','Adopted'),(900162,'Anjan','Cat',1,15,'Black','Abyssinian','M',0,1,1,1,1,'2022-04-16','','Adopted'),(900164,'Carson','Cat',1,1,'Blonde','Tabby','M',0,0,0,0,0,'2022-09-04','','Adopted'),(900166,'Ramekin','Cat',1,17,'White','Devon Rex','M',1,1,1,1,1,'2022-08-02','','Adopted'),(900168,'Haas','Cat',1,4,'Mix','Tabby','M',1,1,1,1,0,'2022-09-21','','Adopted'),(900170,'Ned','Cat',1,11,'Brown','Mix','F',1,1,1,1,0,'2022-11-23','','Available'),(900172,'Lamar','Dog (Puppy)',1,1,'Brown','Pomeranian','M',1,1,1,1,0,'2022-08-30','','Adopted'),(900174,'Dug','Dog (Adult)',1,19,'Blonde','Boxer','M',1,1,1,1,0,'2022-07-11','','Adopted'),(900176,'Mr. Rooster','Dog (Adult)',1,5,'Black','Mix','M',1,1,1,1,0,'2022-10-02','','Adopted'),(900178,'Chika-Latte','Farm Animal (Large)',1,14,'White','','F',1,1,1,1,0,'2022-06-24','','Adopted'),(900180,'Margo','Dog (Puppy)',1,1,'Blonde','German Shepherd','M',1,1,1,1,0,'2022-11-27','','Available'),(900182,'Abbi','Dog (Puppy)',1,1,'Mix','','F',1,1,1,1,0,'2022-04-26','','Adopted'),(900184,'Gibson','Dog (Adult)',1,11,'Black','Dachshund','F',1,1,1,1,0,'2022-03-17','','Adopted'),(900186,'Bowen','Dog (Adult)',1,14,'Red','Bulldog','F',1,1,1,1,0,'2022-02-18','','Adopted'),(900188,'Ripple','Dog (Adult)',1,20,'Brown','Bulldog','F',1,1,1,1,0,'2022-11-17','','Available'),(900190,'Kari','Cat',1,9,'Brown','Mix','M',1,1,1,1,0,'2022-07-19','','Adopted'),(900192,'Brook','Cat',1,20,'Mix','Mix','M',1,1,1,1,0,'2022-01-12','','Adopted'),(900194,'Etta','Farm Animal (Small)',1,11,'White','','M',1,1,1,1,0,'2022-10-24','','Adopted'),(900196,'Coqueta','Dog (Adult)',1,15,'White','Mix','M',1,1,1,1,0,'2022-06-02','','Processing'),(900198,'Zeke Lozier','Dog (Adult)',1,5,'Brown','Boxer','F',1,1,1,1,0,'2022-12-23','','Fostered'),(900200,'Lucy Flory','Dog (Adult)',1,17,'Brown','Terrier','F',1,1,1,1,0,'2022-05-23','','Adopted'),(900202,'Rouge','Dog (Adult)',1,7,'Mix','German Shepherd','F',0,0,0,0,0,'2022-02-22','','Adopted'),(900204,'Groovy','Dog (Adult)',1,8,'Red','Boxer','F',1,1,1,1,1,'2022-09-16','','Adopted'),(900206,'Cow','Farm Animal (Large)',1,19,'Blonde','','M',1,1,1,1,1,'2022-12-06','','Available'),(900208,'Dude (Duckie)','Dog (Adult)',1,19,'Red','Poodle','M',1,1,1,1,1,'2022-01-22','','Adopted'),(900210,'Honey Bee','Dog (Adult)',1,5,'Black','Bulldog','F',1,1,1,1,1,'2022-08-10','','Adopted'),(900212,'Abigail','Dog (Adult)',1,4,'White','Terrier','M',1,1,1,1,0,'2022-04-12','','Fostered'),(900214,'Juno Daisy','Dog (Adult)',1,17,'White','Beagle','M',1,1,1,1,0,'2023-02-06','','Available'),(900216,'Gecko','Dog (Adult)',1,2,'Brown','Dachshund','M',1,1,1,1,0,'2022-02-01','','Available'),(900218,'Sallie','Farm Animal (Large)',1,11,'Mix','','F',1,1,1,1,0,'2022-08-24','','Available'),(900220,'Lexi Lu','Dog (Adult)',1,3,'Orange','Boxer','M',1,1,1,1,0,'2022-02-03','','Adopted'),(900222,'Laker','Dog (Adult)',1,20,'Blonde','Shih Tzu','F',1,1,1,1,0,'2022-09-08','','Processing'),(900224,'Canela','Dog (Adult)',1,14,'Orange','Bulldog','M',1,1,1,1,0,'2022-12-20','','Processing'),(900226,'Vox','Cat',1,6,'White','Persian','F',1,1,1,1,1,'2023-01-15','','Available'),(900228,'Sahara','Cat',1,19,'Black','Tabby','M',1,1,1,1,0,'2022-08-18','','Fostered'),(900230,'Coby Fortes','Cat',1,13,'White','Abyssinian','M',1,1,1,1,0,'2022-07-14','','Adopted'),(900232,'Hancho','Cat',1,2,'Mix','Tabby','F',0,0,0,0,0,'2022-02-13','','Adopted'),(900234,'Biscotti','Cat',1,2,'Red','Scottish Fold','M',0,0,0,0,0,'2022-11-16','','Processing'),(900236,'Niseko','Dog (Puppy)',1,1,'White','Pomeranian','F',0,0,0,0,0,'2022-12-31','','Available'),(900238,'Hendel','Farm Animal (Large)',1,13,'White','','M',1,1,1,1,0,'2022-05-06','','Fostered'),(900240,'Spencer McLovin','Dog (Adult)',1,14,'Red','Boxer','M',1,1,1,1,0,'2022-04-13','','Adopted'),(900242,'Cappuccino','Dog (Adult)',1,4,'Black','Mix','F',1,1,1,1,0,'2022-09-13','','Adopted'),(900244,'Trey','Dog (Adult)',1,7,'White','Mix','M',1,1,1,1,1,'2022-09-30','','Adopted'),(900246,'Hoover','Dog (Adult)',1,13,'Blonde','Bulldog','M',1,1,1,1,0,'2022-03-12','','Adopted'),(900248,'Sloan','Dog (Adult)',1,17,'Blonde','Mix','F',1,1,1,1,0,'2022-03-30','','Adopted'),(900250,'Tiffany','Cat',1,9,'Blonde','Abyssinian','F',1,1,1,1,0,'2022-10-31','','Available'),(900252,'Zion','Dog (Adult)',1,12,'Brown','Mix','F',0,0,0,0,0,'2022-12-11','','Adopted'),(900254,'Meggie','Dog (Adult)',1,4,'Orange','German Shepherd','F',0,0,0,0,0,'2022-04-10','','Available'),(900256,'Topal','Farm Animal (Large)',1,9,'Brown','','F',0,1,1,1,1,'2022-11-26','','Adopted'),(900258,'Smudgy','Dog (Puppy)',1,1,'Red','Beagle','F',1,1,1,1,1,'2022-12-27','','Available'),(900260,'Chili Dog','Dog (Adult)',1,7,'Brown','Mix','M',1,1,1,1,1,'2023-01-08','','Available'),(900262,'Mabel Joy','Cat',1,15,'Brown','Devon Rex','F',0,1,1,1,1,'2022-05-07','','Adopted'),(900264,'Java','Cat',1,14,'White','Scottish Fold','F',0,1,1,1,1,'2022-09-02','','Adopted'),(900266,'Molly Dog','Cat',1,15,'Red','Abyssinian','M',0,0,0,0,0,'2022-07-12','','Adopted'),(900268,'Sid Vicious','Dog (Puppy)',1,1,'Blonde','Poodle','M',1,0,1,1,1,'2022-12-28','','Available'),(900270,'Kobold','Farm Animal (Large)',1,12,'White','','F',1,0,1,1,0,'2022-02-19','','Adopted'),(900272,'Matilda','Dog (Puppy)',1,1,'Blonde','Terrier','M',1,0,1,1,0,'2022-08-13','','Adopted'),(900274,'Amaya','Cat',1,12,'Mix','Scottish Fold','F',1,0,1,1,0,'2022-05-08','','Adopted'),(900276,'Jake Thomas','Cat',1,5,'Mix','Tabby','F',1,0,1,1,0,'2022-02-10','','Adopted'),(900278,'Pika','Cat',1,12,'Mix','Devon Rex','F',0,0,1,1,1,'2022-06-17','','Adopted'),(900280,'Quinnton','Dog (Puppy)',1,1,'Mix','Bulldog','M',0,0,1,1,0,'2022-04-14','','Adopted'),(900282,'Tobby','Dog (Puppy)',1,1,'Orange','Bulldog','M',0,1,1,1,0,'2022-07-08','','Available'),(900284,'Doctor Seuss','Cat',1,7,'Mix','Scottish Fold','F',0,1,1,1,0,'2022-12-13','','Available'),(900286,'Blue Benton','Dog (Puppy)',1,1,'Red','Mix','M',0,0,0,0,0,'2022-01-12','','Adopted'),(900288,'Forest','Cat',1,16,'White','Scottish Fold','F',1,1,1,0,0,'2022-08-07','','Available'),(900290,'Bree','Farm Animal (Small)',1,10,'Blonde','','M',1,1,1,0,0,'2022-08-23','','Adopted'),(900292,'Cognac','Cat',1,15,'Blonde','Mix','M',1,1,1,0,0,'2022-11-20','','Adopted'),(900294,'Carter','Dog (Puppy)',1,1,'Blonde','Mix','F',1,1,1,0,0,'2022-10-19','','Processing'),(900296,'Lhasa','Dog (Adult)',1,8,'Red','German Shepherd','F',0,0,0,0,0,'2022-03-01','','Adopted'),(900298,'Perry','Dog (Adult)',1,11,'Mix','Mix','F',1,0,0,0,0,'2022-12-23','','Available'),(900300,'Riley','Dog (Puppy)',1,1,'Mix','Boxer','F',1,0,0,0,0,'2023-01-06','','Available'),(900302,'Archie','Farm Animal (Large)',1,5,'Mix','','F',1,1,1,1,1,'2022-01-20','','Adopted'),(900304,'Moxee','Farm Animal (Large)',1,17,'Mix','','F',1,1,1,1,1,'2022-06-10','','Adopted'),(900306,'Mucho','Farm Animal (Large)',1,10,'Mix','','F',1,1,1,1,0,'2022-12-04','','Available'),(900308,'Frederick All-Star','Dog (Puppy)',1,1,'Blonde','Boxer','F',0,1,1,1,0,'2022-05-21','','Adopted'),(900310,'Misty','Cat',1,10,'Orange','Ragdoll','F',0,1,1,1,0,'2022-04-07','','Adopted'),(900312,'Ninja','Dog (Adult)',1,7,'Mix','Pomeranian','F',0,1,1,1,1,'2022-11-29','','Adopted'),(900314,'Shakira','Dog (Adult)',1,12,'White','Beagle','F',0,1,1,1,1,'2022-03-27','','Adopted'),(900316,'Kurt','Cat',1,14,'Blonde','Scottish Fold','F',0,0,0,0,0,'2022-10-28','','Available'),(900318,'Mary Margeret','Cat',1,9,'Brown','Tabby','M',1,1,1,1,1,'2022-12-18','','Available'),(900320,'Regal','Dog (Puppy)',1,1,'Brown','Mix','F',1,1,1,1,0,'2022-03-25','','Adopted'),(900322,'Queen Cleopatra','Cat',1,18,'Blonde','Tabby','M',1,1,1,1,0,'2022-03-29','','Adopted'),(900324,'Cooper Ross','Cat',1,15,'Red','Abyssinian','M',1,1,1,1,0,'2022-02-18','','Unavailable'),(900326,'Radar','Dog (Adult)',1,2,'Mix','Mix','F',1,1,1,1,1,'2022-10-16','','Fostered'),(900328,'Karl','Dog (Adult)',1,20,'Mix','Mix','M',1,1,1,1,1,'2022-12-30','','Adopted'),(900330,'Nikita','Dog (Adult)',1,8,'Mix','German Shepherd','M',1,1,1,1,0,'2023-01-31','','Processing'),(900332,'Royce','Dog (Adult)',1,11,'White','Terrier','M',1,1,1,1,0,'2022-01-30','','Adopted'),(900334,'SAM Howdy','Cat',1,20,'Orange','Scottish Fold','F',1,1,1,1,1,'2022-07-29','','Unavailable'),(900336,'Meyer','Dog (Puppy)',1,1,'Red','Bulldog','M',1,1,1,1,1,'2022-11-11','','Available'),(900338,'Miteka','Dog (Adult)',1,15,'Black','Mix','F',0,0,0,0,0,'2022-10-11','','Adopted'),(900340,'Philip','Dog (Adult)',1,4,'White','German Shepherd','M',0,0,0,0,0,'2022-12-20','','Adopted'),(900342,'Deogee','Dog (Puppy)',1,1,'White','Mix','F',1,1,1,1,0,'2022-12-15','','Processing'),(900344,'Tigerlily','Cat',1,5,'Red','Persian','M',1,1,1,1,0,'2022-02-07','','Adopted'),(900346,'Huntley','Dog (Puppy)',1,1,'Mix','Mix','F',1,1,1,1,0,'2022-02-22','','Fostered'),(900348,'Yanna','Cat',1,5,'Mix','Abyssinian','M',1,1,1,1,0,'2022-05-14','','Adopted'),(900350,'LeBron','Cat',1,6,'Mix','Abyssinian','M',1,1,1,1,1,'2022-07-20','','Adopted'),(900352,'Alvy','Cat',1,3,'Mix','Abyssinian','F',1,1,1,1,1,'2022-10-05','','Adopted'),(900354,'Figaro','Cat',1,10,'Mix','Mix','M',1,1,1,1,1,'2022-03-17','','Fostered'),(900356,'Dewey','Dog (Adult)',1,10,'Red','German Shepherd','M',1,1,1,1,0,'2022-01-17','','Adopted'),(900358,'Piglet','Dog (Adult)',1,11,'White','Beagle','M',1,1,1,1,0,'2022-06-12','','Available'),(900360,'Zeuss','Dog (Adult)',1,13,'Brown','Mix','F',1,1,1,1,1,'2023-01-23','','Available'),(900362,'Smithers','Dog (Adult)',1,14,'White','Poodle','F',0,0,0,0,0,'2022-08-08','','Adopted'),(900364,'Alabama','Dog (Adult)',1,19,'Mix','Terrier','F',0,0,0,0,0,'2022-04-04','','Adopted'),(900366,'Bobbi','Dog (Puppy)',1,1,'Mix','Rootweiler','F',0,0,0,0,0,'2022-02-16','','Fostered'),(900368,'Shivers','Dog (Puppy)',1,1,'White','Pomeranian','F',1,1,1,1,0,'2022-03-28','','Fostered'),(900370,'Dinko','Cat',1,12,'Black','Persian','M',1,1,1,1,0,'2022-10-24','','Processing'),(900372,'Jane','Dog (Puppy)',1,1,'White','Beagle','F',1,1,1,1,0,'2022-12-12','','Available'),(900374,'Kadyn','Dog (Adult)',1,4,'Orange','Mix','F',1,1,1,1,0,'2022-02-24','','Adopted'),(900376,'Tiburon','Cat',1,20,'Blonde','Abyssinian','M',1,1,1,1,0,'2022-12-10','','Available'),(900378,'Pashka','Cat',1,8,'Black','Tabby','M',1,1,1,1,0,'2022-08-17','','Adopted'),(900380,'Guster','Cat',1,3,'Mix','Mix','M',0,0,0,0,0,'2022-12-10','','Unavailable'),(900382,'Kensington','Cat',1,10,'Mix','Persian','M',0,0,0,0,0,'2023-01-02','','Available'),(900384,'Banana','Cat',1,17,'Mix','Mix','M',1,1,1,1,1,'2022-02-06','','Adopted'),(900386,'Choc','Dog (Adult)',1,2,'Mix','Rootweiler','F',1,1,1,1,0,'2022-09-05','','Adopted'),(900388,'Tilla','Dog (Adult)',1,19,'Mix','German Shepherd','F',1,1,1,1,0,'2022-07-18','','Adopted'),(900390,'Philbert','Dog (Puppy)',1,1,'Mix','Shih Tzu','F',1,1,1,1,0,'2023-01-13','','Available'),(900392,'Lucyfur','Dog (Puppy)',1,1,'Black','Beagle','M',1,1,1,1,0,'2022-06-28','','Processing'),(900394,'Xedo','Cat',1,13,'White','Mix','F',1,1,1,1,0,'2022-12-22','','Available'),(900396,'Evia','Dog (Adult)',1,14,'White','Beagle','M',1,1,1,1,0,'2023-01-12','','Processing'),(900398,'Tuco','Dog (Adult)',1,9,'Black','Mix','M',1,1,1,1,0,'2022-08-21','','Adopted'),(900400,'Ruki','Dog (Adult)',1,20,'Mix','Mix','M',1,1,1,1,0,'2022-10-27','','Adopted'),(900402,'Komodo Dragon','Cat',1,12,'Mix','Tabby','F',1,1,1,1,0,'2022-09-04','','Adopted'),(900404,'Tedi','Cat',1,5,'Mix','Abyssinian','M',1,1,1,1,0,'2022-04-23','','Adopted'),(900406,'YouGlee','Cat',1,20,'Blonde','Persian','M',1,1,1,1,0,'2022-06-16','','Adopted'),(900408,'Tashi','Cat',1,5,'Blonde','Ragdoll','M',1,1,1,1,0,'2022-04-24','','Adopted'),(900410,'Taco','Cat',1,16,'Mix','Tabby','F',1,1,1,1,0,'2022-05-07','','Adopted'),(900412,'Willy','Cat',1,13,'Mix','Tabby','F',1,1,1,1,0,'2022-05-16','','Available'),(900414,'Alfie','Dog (Puppy)',1,1,'Brown','German Shepherd','M',1,1,1,1,0,'2023-01-18','','Available'),(900416,'Hashbrown','Dog (Puppy)',1,1,'Mix','Mix','M',1,1,1,1,0,'2022-12-24','','Adopted'),(900418,'Batsy','Dog (Puppy)',1,1,'Mix','Poodle','M',1,1,1,1,1,'2022-04-23','','Adopted'),(900420,'Leelo','Dog (Puppy)',1,1,'Red','Dachshund','M',1,1,1,1,1,'2023-02-01','','Available'),(900422,'Kiki','Cat',1,4,'Mix','Scottish Fold','F',1,1,1,1,0,'2022-09-26','','Adopted'),(900424,'Jonny','Dog (Adult)',1,13,'Brown','Mix','F',1,1,1,1,0,'2023-02-07','','Available'),(900426,'Kameron','Dog (Adult)',1,2,'Mix','Terrier','F',1,1,1,1,0,'2022-02-16','','Fostered'),(900428,'Holiday','Cat',1,6,'Red','Tabby','M',1,1,1,1,0,'2022-05-02','','Unavailable'),(900430,'Voodie','Cat',1,1,'Black','Devon Rex','M',1,1,1,1,0,'2022-06-22','','Adopted'),(900432,'Asesina','Dog (Adult)',1,12,'Black','Beagle','M',1,1,1,1,0,'2022-12-10','','Available'),(900434,'J Lo','Dog (Adult)',1,19,'White','Mix','F',1,1,1,1,0,'2022-12-26','','Available'),(900436,'Edna Moe','Dog (Adult)',1,4,'Mix','German Shepherd','F',1,1,1,1,0,'2022-03-25','','Adopted'),(900438,'Dijon','Dog (Adult)',1,15,'Mix','Mix','F',1,1,1,1,0,'2022-06-07','','Adopted'),(900440,'Greer','Dog (Adult)',1,11,'Mix','Mix','F',1,1,1,1,0,'2022-12-18','','Available'),(900442,'Freia','Dog (Adult)',1,4,'Mix','Terrier','M',1,1,1,1,0,'2022-01-02','','Adopted'),(900444,'Toby Keith','Farm Animal (Large)',1,7,'Mix','','F',1,1,1,1,0,'2022-08-26','','Fostered'),(900446,'Orli','Cat',1,18,'Blonde','Persian','F',1,1,1,1,0,'2022-09-24','','Adopted'),(900448,'Ducky','Cat',1,18,'Blonde','Scottish Fold','F',1,1,1,1,1,'2022-03-21','','Adopted'),(900450,'Che','Cat',1,15,'Brown','Abyssinian','M',1,1,1,1,0,'2023-01-28','','Available'),(900452,'Ilsa','Cat',1,2,'White','Mix','M',1,1,1,1,0,'2022-06-08','','Adopted'),(900454,'Bali B','Cat',1,19,'White','Tabby','F',1,1,1,1,0,'2022-03-01','','Adopted'),(900456,'Tabitha','Cat',1,13,'White','Mix','M',1,1,1,1,0,'2022-12-04','','Fostered'),(900458,'Cricket','Cat',1,6,'Black','Mix','F',1,1,1,1,0,'2022-12-31','','Unavailable'),(900460,'The Drake','Cat',1,13,'Mix','Mix','M',1,1,1,1,0,'2022-01-09','','Fostered'),(900462,'Q','Cat',1,7,'Mix','Mix','M',1,1,1,1,0,'2022-12-12','','Available'),(900464,'Jo','Cat',1,20,'Mix','Mix','F',1,1,1,1,1,'2022-08-16','','Processing'),(900466,'Joe','Farm Animal (Small)',1,4,'Mix','','F',1,1,1,1,0,'2022-06-04','','Available'),(900468,'Jack Hopper','Farm Animal (Large)',1,13,'Mix','','F',1,1,1,1,0,'2022-08-31','','Available'),(900470,'Baker','Dog (Adult)',1,3,'Brown','Mix','F',0,0,0,0,0,'2022-08-18','','Adopted'),(900472,'Ryu','Dog (Adult)',1,13,'Mix','Boxer','M',1,1,1,1,0,'2022-02-15','','Adopted'),(900474,'Manolo','Dog (Adult)',1,14,'Brown','Terrier','M',1,1,1,1,0,'2022-01-11','','Unavailable'),(900476,'Jupiter','Cat',1,10,'Blonde','Scottish Fold','F',1,1,1,1,0,'2022-09-13','','Adopted'),(900478,'Red Man','Cat',1,17,'Blonde','Tabby','M',1,1,1,1,0,'2022-04-01','','Adopted'),(900480,'Sage (Holly)','Cat',1,6,'Mix','Persian','M',1,1,1,1,0,'2022-12-19','','Available'),(900482,'Roky','Cat',1,6,'Mix','Tabby','M',1,1,1,1,0,'2022-02-14','','Adopted'),(900484,'Pierre','Cat',1,16,'Blonde','Ragdoll','F',1,1,1,1,0,'2022-10-17','','Adopted'),(900486,'Tammy Fay','Dog (Puppy)',1,1,'Mix','German Shepherd','M',1,1,1,1,0,'2022-10-10','','Adopted'),(900488,'Mahla','Dog (Puppy)',1,1,'Red','Bulldog','M',0,0,0,0,0,'2022-12-22','','Unavailable'),(900490,'Arlington','Dog (Puppy)',1,1,'Brown','Pomeranian','M',0,0,0,0,0,'2022-07-07','','Adopted'),(900492,'Bow','Cat',1,4,'Mix','Devon Rex','F',1,1,1,1,1,'2022-07-18','','Adopted'),(900494,'Kimi','Dog (Puppy)',1,1,'Black','Shih Tzu','M',1,1,1,1,1,'2023-01-04','','Adopted'),(900496,'President Bart','Dog (Puppy)',1,1,'Orange','German Shepherd','M',1,1,1,1,1,'2022-07-13','','Fostered'),(900498,'Jenna','Dog (Adult)',1,7,'Brown','Dachshund','M',1,1,1,1,0,'2022-10-16','','Adopted'),(900500,'Digo','Dog (Adult)',1,18,'Mix','Boxer','F',1,1,1,1,0,'2022-12-17','','Available'),(900502,'Consuela','Dog (Adult)',1,13,'White','German Shepherd','F',1,1,1,1,0,'2022-12-24','','Adopted'),(900504,'Locker','Cat',1,17,'White','Tabby','F',0,1,1,1,0,'2022-12-27','','Available'),(900506,'Guero','Cat',1,9,'Brown','Abyssinian','F',0,1,1,1,0,'2022-12-12','','Available'),(900508,'Roxie','Dog (Puppy)',1,1,'Mix','Poodle','F',0,1,1,1,0,'2022-01-06','','Available'),(900510,'Suzi','Dog (Adult)',1,9,'Mix','Bulldog','M',0,1,1,1,0,'2022-07-27','','Available'),(900512,'Jasper Bean','Dog (Puppy)',1,1,'White','Mix','M',0,1,1,1,0,'2022-09-02','','Adopted'),(900514,'Merry','Cat',1,1,'White','Tabby','F',0,0,0,0,0,'2022-02-17','','Adopted'),(900516,'Gus Gibbens','Cat',1,1,'White','Scottish Fold','F',1,1,1,0,0,'2022-07-23','','Adopted'),(900518,'Shotski','Cat',1,12,'Black','Tabby','F',1,1,1,0,0,'2022-12-27','','Adopted'),(900520,'Hank','Dog (Puppy)',1,1,'Mix','Beagle','M',1,1,1,0,0,'2022-08-28','','Unavailable'),(900522,'Zellie','Dog (Adult)',1,2,'Mix','Mix','M',1,1,1,0,0,'2022-11-30','','Fostered'),(900524,'Bullet','Cat',1,8,'Orange','Mix','F',1,1,1,0,0,'2022-12-23','','Available'),(900526,'Toulouse','Dog (Puppy)',1,1,'Brown','German Shepherd','M',0,0,0,0,0,'2023-01-15','','Available'),(900528,'Bueller','Cat',1,12,'Mix','Mix','F',0,0,0,0,0,'2022-05-25','','Adopted'),(900530,'Clove','Cat',1,10,'Mix','Tabby','F',0,1,1,1,1,'2022-01-28','','Adopted'),(900532,'Yolanda','Farm Animal (Small)',1,7,'Brown','','F',0,1,1,1,1,'2022-04-24','','Adopted'),(900534,'CeCe','Dog (Puppy)',1,1,'Brown','Beagle','M',0,1,1,1,0,'2022-04-09','','Adopted'),(900536,'Louie','Dog (Adult)',1,18,'Brown','Terrier','M',0,1,1,1,0,'2022-02-27','','Adopted'),(900538,'Godric','Dog (Adult)',1,14,'White','Mix','M',0,1,1,1,0,'2022-07-24','','Available'),(900540,'Luna Nero','Dog (Adult)',1,10,'White','German Shepherd','M',0,1,1,1,0,'2022-07-04','','Fostered'),(900542,'Lexie','Dog (Adult)',1,13,'Black','Mix','M',0,1,1,1,0,'2022-01-04','','Fostered'),(900544,'Tucker B Good','Cat',1,10,'Red','Mix','F',0,0,0,0,0,'2022-03-26','','Adopted'),(900546,'Seebie','Dog (Puppy)',1,1,'Blonde','Rootweiler','M',0,0,0,0,0,'2022-05-14','','Available'),(900548,'Mejla','Dog (Puppy)',1,1,'Brown','Mix','M',1,1,1,1,0,'2022-04-30','','Adopted'),(900550,'Rex','Cat',1,9,'Brown','Tabby','F',1,1,1,1,0,'2022-10-09','','Adopted'),(900552,'Mate','Cat',1,2,'Mix','Mix','F',1,1,1,1,0,'2023-01-21','','Available'),(900554,'Raif','Cat',1,1,'Mix','Tabby','F',1,1,1,1,0,'2022-04-05','','Adopted'),(900556,'Trudy Bell','Cat',1,11,'Mix','Persian','F',1,1,1,1,0,'2023-01-07','','Available'),(900558,'Veruca','Dog (Adult)',1,2,'Orange','Boxer','M',1,1,1,1,0,'2022-06-20','','Adopted'),(900560,'Jackson','Dog (Adult)',1,7,'Black','Mix','F',1,1,1,1,0,'2022-05-27','','Adopted'),(900562,'Cammo','Dog (Adult)',1,9,'Mix','Dachshund','F',1,1,1,1,0,'2022-05-17','','Adopted'),(900564,'To','Dog (Puppy)',1,1,'Black','Beagle','F',1,1,1,1,0,'2022-04-25','','Adopted'),(900566,'Tigerlilly','Dog (Puppy)',1,1,'Mix','Shih Tzu','F',0,0,0,0,0,'2022-10-06','','Adopted'),(900568,'Effie','Cat',1,6,'Black','Tabby','F',0,0,0,0,0,'2022-06-18','','Adopted'),(900570,'Anjuna','Cat',1,1,'Brown','Abyssinian','F',0,1,1,1,1,'2022-04-29','','Adopted'),(900572,'Pacha','Cat',1,15,'Red','Tabby','F',0,1,1,1,1,'2022-06-17','','Adopted'),(900574,'Tarski','Dog (Puppy)',1,1,'Mix','Mix','F',0,1,1,1,0,'2023-02-04','','Adopted'),(900576,'Kara','Dog (Adult)',1,12,'Blonde','Beagle','M',0,1,1,1,0,'2022-11-09','','Adopted'),(900578,'Fletcher','Dog (Puppy)',1,1,'Black','Mix','M',0,1,1,1,0,'2023-01-02','','Adopted'),(900580,'Hogan','Cat',1,16,'Blonde','Scottish Fold','M',0,1,1,1,0,'2022-11-11','','Unavailable'),(900582,'ChaChi','Dog (Puppy)',1,1,'Mix','Beagle','M',0,1,1,1,0,'2022-12-21','','Available'),(900584,'Boltzmann','Dog (Puppy)',1,1,'Mix','Boxer','M',0,1,1,1,0,'2022-01-18','','Adopted'),(900586,'Tato','Cat',1,11,'Brown','Devon Rex','F',0,1,1,1,0,'2022-03-14','','Adopted'),(900588,'Moe','Cat',1,12,'Brown','Tabby','F',0,0,0,0,0,'2022-10-18','','Adopted'),(900590,'Duchess','Dog (Adult)',1,18,'Mix','Mix','M',1,1,1,1,1,'2022-04-11','','Adopted'),(900592,'Gina','Dog (Adult)',1,18,'Blonde','Boxer','M',1,1,1,1,0,'2022-10-26','','Adopted'),(900594,'Besito','Dog (Adult)',1,15,'Mix','Beagle','M',1,1,1,1,0,'2022-03-06','','Adopted'),(900596,'Ruby','Dog (Adult)',1,7,'Mix','Terrier','M',1,1,1,1,0,'2022-02-01','','Adopted'),(900598,'Macie','Dog (Adult)',1,20,'Blonde','Mix','M',1,1,1,1,0,'2022-02-02','','Adopted'),(900600,'Stryder','Farm Animal (Large)',1,8,'Brown','','F',1,1,1,1,0,'2022-01-27','','Fostered'),(900602,'Camden','Cat',1,18,'Mix','Tabby','F',1,1,1,1,0,'2022-09-30','','Adopted'),(900604,'Kelsey','Cat',1,10,'Orange','Ragdoll','F',1,1,1,1,0,'2022-02-09','','Fostered'),(900606,'Luna','Dog (Adult)',1,11,'Brown','Pomeranian','F',1,1,1,1,0,'2022-05-24','','Adopted'),(900608,'Trooper','Dog (Puppy)',1,1,'Black','German Shepherd','F',0,0,0,0,0,'2022-02-07','','Fostered'),(900610,'Mustang Sally','Cat',1,20,'Black','Mix','F',0,0,0,0,0,'2022-05-27','','Available'),(900612,'Piper Edwards','Cat',1,4,'Mix','Tabby','F',0,0,0,0,0,'2022-12-11','','Available'),(900614,'Padma','Dog (Adult)',1,10,'Black','Boxer','M',0,0,0,0,0,'2022-05-10','','Adopted'),(900616,'Buffalo Trace','Dog (Adult)',1,11,'Blonde','Rootweiler','M',1,0,0,0,0,'2022-06-07','','Unavailable'),(900618,'Zita','Dog (Puppy)',1,1,'Blonde','Mix','M',0,0,0,0,0,'2022-03-18','','Adopted'),(900620,'Ceba','Cat',1,7,'Mix','Mix','F',1,1,1,1,0,'2022-08-18','','Adopted'),(900622,'Snookie','Cat',1,7,'Blonde','Mix','F',1,1,1,1,0,'2022-01-15','','Fostered'),(900624,'Alsea','Farm Animal (Small)',1,9,'White','','F',1,1,1,1,0,'2022-10-01','','Available'),(900626,'Peeka','Dog (Adult)',1,12,'Brown','Beagle','M',1,1,1,1,0,'2022-11-21','','Available'),(900628,'Honus','Dog (Adult)',1,4,'Brown','Mix','M',1,1,1,1,0,'2022-07-25','','Adopted'),(900630,'Ressi','Dog (Adult)',1,14,'Red','Poodle','M',0,0,0,0,0,'2022-02-11','','Fostered'),(900632,'Biggie','Farm Animal (Small)',1,7,'Mix','','F',0,0,0,0,0,'2022-02-06','','Adopted'),(900634,'Harriett','Cat',1,6,'Black','Tabby','F',0,0,0,0,0,'2022-07-05','','Adopted'),(900636,'Garfunkel','Cat',1,4,'White','Mix','F',1,1,1,1,1,'2022-04-01','','Adopted'),(900638,'Dieter','Dog (Adult)',1,7,'Mix','Dachshund','F',1,1,1,1,0,'2022-05-24','','Adopted'),(900640,'Kenu','Farm Animal (Small)',1,13,'Blonde','','F',1,1,1,1,0,'2022-11-10','','Available'),(900642,'Emi-chan','Farm Animal (Small)',1,15,'Orange','','F',1,1,1,1,0,'2022-09-14','','Fostered'),(900644,'Sunnie','Cat',1,16,'Mix','Persian','F',1,1,1,1,0,'2022-03-08','','Adopted'),(900646,'Kafi','Cat',1,14,'Brown','Tabby','F',1,1,1,1,0,'2022-10-06','','Processing'),(900648,'Duece','Dog (Adult)',1,6,'Brown','Bulldog','M',1,1,1,1,0,'2022-07-31','','Unavailable'),(900650,'Lucky','Dog (Puppy)',1,1,'Brown','Mix','M',1,1,1,1,1,'2022-06-20','','Adopted'),(900652,'Praxis','Dog (Puppy)',1,1,'Brown','Beagle','F',1,1,1,1,0,'2022-05-19','','Adopted'),(900654,'Mani','Cat',1,16,'Black','Tabby','F',0,0,0,0,0,'2022-09-02','','Available'),(900656,'Chimay','Farm Animal (Large)',1,13,'Red','','F',0,0,0,0,0,'2022-12-10','','Available'),(900658,'Penny','Dog (Adult)',1,20,'Blonde','Mix','F',0,0,0,0,0,'2022-02-27','','Available'),(900660,'Lena','Dog (Puppy)',1,1,'Blonde','German Shepherd','F',0,0,0,0,0,'2022-10-27','','Adopted'),(900662,'Truvy','Cat',1,5,'Mix','Devon Rex','F',0,1,1,1,0,'2022-11-27','','Available'),(900664,'Coca','Dog (Puppy)',1,1,'Brown','Terrier','M',0,1,1,1,0,'2022-12-25','','Fostered'),(900666,'City Boy','Dog (Puppy)',1,1,'Brown','Bulldog','M',0,1,1,1,0,'2022-07-16','','Available'),(900668,'Keanu','Cat',1,4,'Red','Tabby','F',0,1,1,1,0,'2022-02-20','','Available'),(900670,'Ono','Dog (Adult)',1,12,'Mix','Shih Tzu','M',0,1,1,1,0,'2022-06-08','','Adopted'),(900672,'Comrade','Farm Animal (Large)',1,4,'Brown','','F',0,1,1,1,0,'2022-12-15','','Available'),(900674,'Jaxson','Dog (Puppy)',1,1,'Red','Rootweiler','M',0,1,1,1,0,'2022-01-31','','Fostered'),(900676,'Coasteau','Dog (Puppy)',1,1,'Mix','German Shepherd','M',0,0,0,0,0,'2022-04-08','','Adopted'),(900678,'Petri','Cat',1,10,'Blonde','Scottish Fold','M',1,1,1,1,1,'2022-02-24','','Adopted'),(900680,'Dahlia','Cat',1,1,'Blonde','Persian','F',1,1,1,1,1,'2022-11-09','','Available'),(900682,'Rallo','Cat',1,19,'Red','Devon Rex','F',1,1,1,1,0,'2022-11-28','','Available'),(900684,'Tj','Dog (Puppy)',1,1,'Black','Beagle','M',1,1,1,1,0,'2022-11-01','','Available'),(900686,'Shayna','Dog (Adult)',1,10,'White','German Shepherd','M',1,1,1,1,0,'2022-05-02','','Adopted'),(900688,'Nadia','Farm Animal (Small)',1,11,'Mix','','F',1,1,1,1,0,'2022-08-03','','Fostered'),(900690,'Yakko','Cat',1,5,'White','Ragdoll','F',1,1,1,1,0,'2023-01-24','','Processing'),(900692,'Freckles','Dog (Adult)',1,9,'Black','Boxer','M',1,1,1,1,0,'2022-12-18','','Available'),(900694,'Madras','Dog (Adult)',1,5,'Mix','Pomeranian','F',1,1,1,1,0,'2022-03-19','','Fostered'),(900696,'Akbar','Cat',1,16,'Black','Mix','F',1,1,1,1,0,'2023-01-11','','Available'),(900698,'Scotty Puppen','Dog (Adult)',1,3,'Mix','Beagle','F',1,1,1,1,0,'2022-11-17','','Available'),(900700,'Peco','Dog (Adult)',1,2,'White','Boxer','F',1,1,1,1,0,'2022-11-02','','Adopted'),(900702,'Run\'way','Dog (Adult)',1,14,'Brown','Mix','M',1,1,1,1,0,'2022-11-23','','Available'),(900704,'Boo Radley','Dog (Adult)',1,2,'Red','German Shepherd','M',0,0,0,0,0,'2022-08-28','','Available'),(900706,'Tako','Dog (Puppy)',1,1,'Brown','Bulldog','M',1,1,1,1,0,'2022-12-25','','Available'),(900708,'Wimpy','Cat',1,4,'Mix','Tabby','F',1,1,1,1,0,'2022-08-23','','Adopted'),(900710,'Bounce','Dog (Adult)',1,18,'Brown','Rootweiler','M',1,1,1,1,0,'2022-12-21','','Available'),(900712,'Chaucer','Dog (Adult)',1,8,'Black','Boxer','M',1,1,1,1,0,'2022-09-19','','Adopted'),(900714,'Squid pup','Cat',1,5,'Black','Mix','F',1,1,1,1,0,'2022-11-20','','Adopted'),(900716,'Larka','Dog (Puppy)',1,1,'Black','Mix','M',1,1,1,1,0,'2022-10-28','','Adopted'),(900718,'Winston','Dog (Adult)',1,14,'Mix','Boxer','M',1,1,1,1,0,'2022-07-08','','Unavailable'),(900720,'Smoke','Dog (Adult)',1,17,'Black','Bulldog','M',1,1,1,1,0,'2023-01-03','','Available'),(900722,'Chipotle','Dog (Adult)',1,9,'Mix','Terrier','M',1,1,1,1,0,'2022-01-10','','Adopted'),(900724,'Martita','Cat',1,6,'Brown','Mix','F',1,1,1,1,0,'2022-01-02','','Available'),(900726,'Jake The Dog','Dog (Puppy)',1,1,'Mix','German Shepherd','M',1,1,1,1,0,'2022-12-19','','Available'),(900728,'Dusti','Dog (Adult)',1,14,'Black','Boxer','M',1,1,1,1,0,'2022-08-21','','Adopted'),(900730,'Hutch','Dog (Puppy)',1,1,'Black','Mix','M',1,1,1,1,0,'2022-12-04','','Available'),(900732,'Funny','Cat',1,6,'Orange','Tabby','F',1,1,1,1,0,'2022-12-30','','Available'),(900734,'Maire Dubh','Dog (Adult)',1,20,'Mix','Bulldog','M',1,1,1,1,0,'2022-04-03','','Fostered'),(900736,'Jazzy','Dog (Puppy)',1,1,'White','Mix','M',1,1,1,1,0,'2022-12-21','','Adopted'),(900738,'Winnie','Cat',1,17,'Black','Mix','F',1,1,1,1,0,'2022-11-07','','Fostered'),(900740,'Samuel Fox','Dog (Adult)',1,6,'Red','Shih Tzu','M',1,1,1,1,0,'2022-10-04','','Adopted'),(900742,'Tala','Dog (Puppy)',1,1,'Black','Mix','M',0,0,0,0,0,'2022-04-22','','Available'),(900744,'Randy','Dog (Adult)',1,9,'Black','','M',1,1,1,1,0,'2022-02-03','','Adopted');
/*!40000 ALTER TABLE `animal` ENABLE KEYS */;
UNLOCK TABLES;

--
-- Table structure for table `bathroom_schedule`
--

DROP TABLE IF EXISTS `bathroom_schedule`;
/*!40101 SET @saved_cs_client     = @@character_set_client */;
/*!50503 SET character_set_client = utf8mb4 */;
CREATE TABLE `bathroom_schedule` (
  `Animal_ID` int NOT NULL,
  `Date` date NOT NULL,
  `Employee_ID_1` int NOT NULL,
  `Time_1` time DEFAULT NULL,
  `Employee_ID_2` int DEFAULT NULL,
  `time_2` time DEFAULT NULL,
  `Employee_ID_3` int DEFAULT NULL,
  `time_3` time DEFAULT NULL,
  `Employee_ID_4` int DEFAULT NULL,
  `time_4` time DEFAULT NULL,
  PRIMARY KEY (`Animal_ID`,`Date`),
  KEY `Employee_ID` (`Employee_ID_1`),
  KEY `Employee_ID_2` (`Employee_ID_2`),
  KEY `Employee_ID_3` (`Employee_ID_3`),
  KEY `Employee_ID_4` (`Employee_ID_4`),
  CONSTRAINT `bathroom_schedule_ibfk_1` FOREIGN KEY (`Animal_ID`) REFERENCES `animal` (`ID`),
  CONSTRAINT `bathroom_schedule_ibfk_2` FOREIGN KEY (`Employee_ID_1`) REFERENCES `employee` (`ID`),
  CONSTRAINT `bathroom_schedule_ibfk_3` FOREIGN KEY (`Employee_ID_2`) REFERENCES `employee` (`ID`),
  CONSTRAINT `bathroom_schedule_ibfk_4` FOREIGN KEY (`Employee_ID_3`) REFERENCES `employee` (`ID`),
  CONSTRAINT `bathroom_schedule_ibfk_5` FOREIGN KEY (`Employee_ID_4`) REFERENCES `employee` (`ID`)
) ENGINE=InnoDB DEFAULT CHARSET=utf8mb4 COLLATE=utf8mb4_0900_ai_ci;
/*!40101 SET character_set_client = @saved_cs_client */;

--
-- Dumping data for table `bathroom_schedule`
--

LOCK TABLES `bathroom_schedule` WRITE;
/*!40000 ALTER TABLE `bathroom_schedule` DISABLE KEYS */;
INSERT INTO `bathroom_schedule` VALUES (900040,'2023-02-09',19,'05:05:00',13,'10:05:00',28,'16:20:00',40,'21:05:00'),(900048,'2023-02-09',19,'05:10:00',13,'10:10:00',28,'16:25:00',40,'21:10:00'),(900060,'2023-02-09',19,'05:15:00',13,'10:15:00',28,'16:30:00',40,'21:15:00'),(900062,'2023-02-09',19,'05:20:00',13,'10:20:00',28,'16:35:00',40,'21:20:00'),(900066,'2023-02-09',19,'05:25:00',13,'10:25:00',28,'16:40:00',40,'21:25:00'),(900070,'2023-02-09',19,'05:30:00',13,'10:30:00',28,'16:45:00',40,'21:30:00'),(900082,'2023-02-09',19,'05:35:00',13,'10:35:00',28,'16:50:00',40,'21:35:00'),(900108,'2023-02-09',19,'05:40:00',13,'10:40:00',28,'16:55:00',40,'21:40:00'),(900110,'2023-02-09',19,'05:45:00',13,'10:45:00',28,'17:00:00',40,'21:45:00'),(900114,'2023-02-09',19,'05:50:00',13,'10:50:00',28,'17:05:00',40,'21:50:00'),(900140,'2023-02-09',19,'05:55:00',13,'10:55:00',28,'17:10:00',40,'21:55:00'),(900180,'2023-02-09',19,'06:00:00',13,'11:00:00',28,'17:15:00',40,'22:00:00'),(900188,'2023-02-09',19,'06:05:00',13,'11:05:00',28,'17:20:00',40,'22:05:00'),(900214,'2023-02-09',19,'06:10:00',13,'11:10:00',28,'17:25:00',40,'22:10:00'),(900216,'2023-02-09',19,'06:15:00',13,'11:15:00',28,'17:30:00',40,'22:15:00'),(900236,'2023-02-09',19,'06:20:00',13,'11:20:00',28,'17:35:00',40,'22:20:00'),(900254,'2023-02-09',19,'06:25:00',13,'11:25:00',28,'17:40:00',40,'22:25:00'),(900258,'2023-02-09',19,'06:30:00',13,'11:30:00',28,'17:45:00',40,'22:30:00'),(900260,'2023-02-09',19,'06:35:00',13,'11:35:00',28,'17:50:00',40,'22:35:00'),(900268,'2023-02-09',19,'06:40:00',13,'11:40:00',28,'17:55:00',40,'22:40:00'),(900282,'2023-02-09',19,'06:45:00',13,'11:45:00',28,'18:00:00',40,'22:45:00'),(900298,'2023-02-09',19,'06:50:00',13,'11:50:00',28,'18:05:00',40,'22:50:00'),(900300,'2023-02-09',19,'06:55:00',13,'11:55:00',28,'18:10:00',40,'22:55:00'),(900336,'2023-02-09',19,'07:00:00',13,'12:00:00',28,'18:15:00',40,'23:00:00'),(900358,'2023-02-09',19,'07:05:00',13,'12:05:00',28,'18:20:00',40,'23:05:00'),(900360,'2023-02-09',19,'07:10:00',13,'12:10:00',28,'18:25:00',40,'23:10:00'),(900372,'2023-02-09',19,'07:15:00',13,'12:15:00',28,'18:30:00',40,'23:15:00'),(900390,'2023-02-09',21,'05:00:00',33,'10:00:00',40,'16:15:00',28,'21:00:00'),(900414,'2023-02-09',21,'05:05:00',33,'10:05:00',40,'16:20:00',28,'21:05:00'),(900420,'2023-02-09',21,'05:10:00',33,'10:10:00',40,'16:25:00',28,'21:10:00'),(900424,'2023-02-09',21,'05:15:00',33,'10:15:00',40,'16:30:00',28,'21:15:00'),(900432,'2023-02-09',21,'05:20:00',33,'10:20:00',40,'16:35:00',28,'21:20:00'),(900434,'2023-02-09',21,'05:25:00',33,'10:25:00',40,'16:40:00',28,'21:25:00'),(900440,'2023-02-09',21,'05:30:00',33,'10:30:00',40,'16:45:00',28,'21:30:00'),(900500,'2023-02-09',21,'05:35:00',33,'10:35:00',40,'16:50:00',28,'21:35:00'),(900508,'2023-02-09',21,'05:40:00',33,'10:40:00',40,'16:55:00',28,'21:40:00'),(900510,'2023-02-09',21,'05:45:00',33,'10:45:00',40,'17:00:00',28,'21:45:00'),(900526,'2023-02-09',21,'05:50:00',33,'10:50:00',40,'17:05:00',28,'21:50:00'),(900538,'2023-02-09',21,'05:55:00',33,'10:55:00',40,'17:10:00',28,'21:55:00'),(900546,'2023-02-09',21,'06:00:00',33,'11:00:00',40,'17:15:00',28,'22:00:00'),(900582,'2023-02-09',21,'06:05:00',33,'11:05:00',40,'17:20:00',28,'22:05:00'),(900626,'2023-02-09',21,'06:10:00',33,'11:10:00',40,'17:25:00',28,'22:10:00'),(900658,'2023-02-09',21,'06:15:00',33,'11:15:00',40,'17:30:00',28,'22:15:00'),(900666,'2023-02-09',21,'06:20:00',33,'11:20:00',40,'17:35:00',28,'22:20:00'),(900684,'2023-02-09',21,'06:25:00',33,'11:25:00',40,'17:40:00',28,'22:25:00'),(900692,'2023-02-09',21,'06:30:00',33,'11:30:00',40,'17:45:00',28,'22:30:00'),(900698,'2023-02-09',21,'06:35:00',33,'11:35:00',40,'17:50:00',28,'22:35:00'),(900702,'2023-02-09',21,'06:40:00',33,'11:40:00',40,'17:55:00',28,'22:40:00'),(900704,'2023-02-09',21,'06:45:00',33,'11:45:00',40,'18:00:00',28,'22:45:00'),(900706,'2023-02-09',21,'06:50:00',33,'11:50:00',40,'18:05:00',28,'22:50:00'),(900710,'2023-02-09',21,'06:55:00',33,'11:55:00',40,'18:10:00',28,'22:55:00'),(900720,'2023-02-09',21,'07:00:00',33,'12:00:00',40,'18:15:00',28,'23:00:00'),(900726,'2023-02-09',21,'07:05:00',33,'12:05:00',40,'18:20:00',28,'23:05:00'),(900730,'2023-02-09',21,'07:10:00',33,'12:10:00',40,'18:25:00',28,'23:10:00'),(900742,'2023-02-09',21,'07:15:00',33,'12:15:00',40,'18:30:00',28,'23:15:00');
/*!40000 ALTER TABLE `bathroom_schedule` ENABLE KEYS */;
UNLOCK TABLES;

--
-- Table structure for table `cage`
--

DROP TABLE IF EXISTS `cage`;
/*!40101 SET @saved_cs_client     = @@character_set_client */;
/*!50503 SET character_set_client = utf8mb4 */;
CREATE TABLE `cage` (
  `Cage_No` int NOT NULL,
  `Cage_Type` enum('XS','S','M','L','XL') DEFAULT NULL,
  `Animal_ID` int DEFAULT NULL,
  `Status` enum('Available','Unavailable') DEFAULT NULL,
  PRIMARY KEY (`Cage_No`),
  KEY `Animal_ID` (`Animal_ID`),
  CONSTRAINT `cage_ibfk_1` FOREIGN KEY (`Animal_ID`) REFERENCES `animal` (`ID`)
) ENGINE=InnoDB DEFAULT CHARSET=utf8mb4 COLLATE=utf8mb4_0900_ai_ci;
/*!40101 SET character_set_client = @saved_cs_client */;

--
-- Dumping data for table `cage`
--

LOCK TABLES `cage` WRITE;
/*!40000 ALTER TABLE `cage` DISABLE KEYS */;
INSERT INTO `cage` VALUES (1,'XS',900640,'Unavailable'),(2,'XS',900624,'Unavailable'),(3,'XS',900466,'Unavailable'),(4,'XS',900268,'Unavailable'),(5,'XS',900258,'Unavailable'),(6,'XS',900582,'Unavailable'),(7,'XS',900420,'Unavailable'),(8,'XS',900414,'Unavailable'),(9,'XS',900526,'Unavailable'),(10,'XS',900390,'Unavailable'),(11,'XS',900300,'Unavailable'),(12,'XS',900236,'Unavailable'),(13,'XS',900706,'Unavailable'),(14,'XS',900726,'Unavailable'),(15,'S',900372,'Unavailable'),(16,'S',900730,'Unavailable'),(17,'S',900180,'Unavailable'),(18,'S',900048,'Unavailable'),(19,'S',900336,'Unavailable'),(20,'S',900060,'Unavailable'),(21,'S',900684,'Unavailable'),(22,'S',900666,'Unavailable'),(23,'S',900282,'Unavailable'),(24,'S',900546,'Unavailable'),(25,'S',900742,'Unavailable'),(26,'S',900030,'Unavailable'),(27,'S',900508,'Unavailable'),(28,'S',900480,'Unavailable'),(29,'S',900318,'Unavailable'),(30,'S',900284,'Unavailable'),(31,'S',900462,'Unavailable'),(32,'S',900130,'Unavailable'),(33,'S',900376,'Unavailable'),(34,'S',900450,'Unavailable'),(35,'S',900552,'Unavailable'),(36,'S',900226,'Unavailable'),(37,'S',900696,'Unavailable'),(38,'S',900556,'Unavailable'),(39,'S',900382,'Unavailable'),(40,'S',900732,'Unavailable'),(41,'S',900504,'Unavailable'),(42,'S',900524,'Unavailable'),(43,'S',900394,'Unavailable'),(44,'S',900506,'Unavailable'),(45,'M',900612,'Unavailable'),(46,'M',900046,'Unavailable'),(47,'M',900682,'Unavailable'),(48,'M',900662,'Unavailable'),(49,'M',900170,'Unavailable'),(50,'M',900680,'Unavailable'),(51,'M',900080,'Unavailable'),(52,'M',900250,'Unavailable'),(53,'M',900316,'Unavailable'),(54,'M',900150,'Unavailable'),(55,'M',900014,'Unavailable'),(56,'M',900654,'Unavailable'),(57,'M',900158,'Unavailable'),(58,'M',900288,'Unavailable'),(59,'M',900106,'Unavailable'),(60,'M',900610,'Unavailable'),(61,'M',900412,'Unavailable'),(62,'M',900668,'Unavailable'),(63,'M',900724,'Unavailable'),(64,'M',900434,'Unavailable'),(65,'M',900298,'Unavailable'),(66,'M',900500,'Unavailable'),(67,'M',900432,'Unavailable'),(68,'M',900424,'Unavailable'),(69,'M',900214,'Unavailable'),(70,'M',900360,'Unavailable'),(71,'M',900114,'Unavailable'),(72,'M',900140,'Unavailable'),(73,'M',900260,'Unavailable'),(74,'M',900720,'Unavailable'),(75,'M',900040,'Unavailable'),(76,'M',900710,'Unavailable'),(77,'M',900110,'Unavailable'),(78,'M',900440,'Unavailable'),(79,'M',900692,'Unavailable'),(80,'M',900062,'Unavailable'),(81,'M',900070,'Unavailable'),(82,'M',900108,'Unavailable'),(83,'M',900702,'Unavailable'),(84,'L',900626,'Unavailable'),(85,'L',900188,'Unavailable'),(86,'L',900698,'Unavailable'),(87,'L',900082,'Unavailable'),(88,'L',900704,'Unavailable'),(89,'L',900510,'Unavailable'),(90,'L',900538,'Unavailable'),(91,'L',900358,'Unavailable'),(92,'L',900254,'Unavailable'),(93,'L',900066,'Unavailable'),(94,'L',900658,'Unavailable'),(95,'L',900216,'Unavailable'),(96,'L',NULL,'Available'),(97,'L',NULL,'Available'),(98,'L',NULL,'Available'),(99,'L',NULL,'Available'),(100,'L',NULL,'Available'),(101,'L',NULL,'Available'),(102,'L',NULL,'Available'),(103,'L',NULL,'Available'),(104,'L',NULL,'Available'),(105,'XL',900656,'Unavailable'),(106,'XL',900672,'Unavailable'),(107,'XL',900206,'Unavailable'),(108,'XL',900306,'Unavailable'),(109,'XL',900468,'Unavailable'),(110,'XL',900218,'Unavailable'),(111,'XL',900098,'Unavailable'),(112,'XL',NULL,'Available'),(113,'XL',NULL,'Available'),(114,'XL',NULL,'Available'),(115,'XL',NULL,'Available'),(116,'XL',NULL,'Available'),(117,'XL',NULL,'Available'),(118,'XL',NULL,'Available'),(119,'XL',NULL,'Available');
/*!40000 ALTER TABLE `cage` ENABLE KEYS */;
UNLOCK TABLES;

--
-- Table structure for table `cage_cleaning`
--

DROP TABLE IF EXISTS `cage_cleaning`;
/*!40101 SET @saved_cs_client     = @@character_set_client */;
/*!50503 SET character_set_client = utf8mb4 */;
CREATE TABLE `cage_cleaning` (
  `Cage_No` int NOT NULL,
  `Employee_ID` int NOT NULL,
  `Date` date NOT NULL,
  PRIMARY KEY (`Cage_No`,`Date`),
  KEY `Employee_ID` (`Employee_ID`),
  CONSTRAINT `cage_cleaning_ibfk_1` FOREIGN KEY (`Cage_No`) REFERENCES `cage` (`Cage_No`),
  CONSTRAINT `cage_cleaning_ibfk_2` FOREIGN KEY (`Employee_ID`) REFERENCES `employee` (`ID`)
) ENGINE=InnoDB DEFAULT CHARSET=utf8mb4 COLLATE=utf8mb4_0900_ai_ci;
/*!40101 SET character_set_client = @saved_cs_client */;

--
-- Dumping data for table `cage_cleaning`
--

LOCK TABLES `cage_cleaning` WRITE;
/*!40000 ALTER TABLE `cage_cleaning` DISABLE KEYS */;
INSERT INTO `cage_cleaning` VALUES (1,13,'2023-02-09'),(2,13,'2023-02-09'),(3,13,'2023-02-09'),(4,13,'2023-02-09'),(5,13,'2023-02-09'),(6,13,'2023-02-09'),(7,13,'2023-02-09'),(8,13,'2023-02-09'),(9,13,'2023-02-09'),(10,13,'2023-02-09'),(11,13,'2023-02-09'),(12,13,'2023-02-09'),(13,13,'2023-02-09'),(14,13,'2023-02-09'),(15,13,'2023-02-09'),(16,13,'2023-02-09'),(17,13,'2023-02-09'),(18,13,'2023-02-09'),(19,13,'2023-02-09'),(20,13,'2023-02-09'),(101,19,'2023-02-09'),(102,19,'2023-02-09'),(103,19,'2023-02-09'),(104,19,'2023-02-09'),(105,19,'2023-02-09'),(106,19,'2023-02-09'),(107,19,'2023-02-09'),(108,19,'2023-02-09'),(109,19,'2023-02-09'),(110,19,'2023-02-09'),(111,19,'2023-02-09'),(112,19,'2023-02-09'),(113,19,'2023-02-09'),(114,19,'2023-02-09'),(115,19,'2023-02-09'),(116,19,'2023-02-09'),(117,19,'2023-02-09'),(118,19,'2023-02-09'),(119,19,'2023-02-09'),(81,21,'2023-02-09'),(82,21,'2023-02-09'),(83,21,'2023-02-09'),(84,21,'2023-02-09'),(85,21,'2023-02-09'),(86,21,'2023-02-09'),(87,21,'2023-02-09'),(88,21,'2023-02-09'),(89,21,'2023-02-09'),(90,21,'2023-02-09'),(91,21,'2023-02-09'),(92,21,'2023-02-09'),(93,21,'2023-02-09'),(94,21,'2023-02-09'),(95,21,'2023-02-09'),(96,21,'2023-02-09'),(97,21,'2023-02-09'),(98,21,'2023-02-09'),(99,21,'2023-02-09'),(100,21,'2023-02-09'),(41,28,'2023-02-09'),(42,28,'2023-02-09'),(43,28,'2023-02-09'),(44,28,'2023-02-09'),(45,28,'2023-02-09'),(46,28,'2023-02-09'),(47,28,'2023-02-09'),(48,28,'2023-02-09'),(49,28,'2023-02-09'),(50,28,'2023-02-09'),(51,28,'2023-02-09'),(52,28,'2023-02-09'),(53,28,'2023-02-09'),(54,28,'2023-02-09'),(55,28,'2023-02-09'),(56,28,'2023-02-09'),(57,28,'2023-02-09'),(58,28,'2023-02-09'),(59,28,'2023-02-09'),(60,28,'2023-02-09'),(21,33,'2023-02-09'),(22,33,'2023-02-09'),(23,33,'2023-02-09'),(24,33,'2023-02-09'),(25,33,'2023-02-09'),(26,33,'2023-02-09'),(27,33,'2023-02-09'),(28,33,'2023-02-09'),(29,33,'2023-02-09'),(30,33,'2023-02-09'),(31,33,'2023-02-09'),(32,33,'2023-02-09'),(33,33,'2023-02-09'),(34,33,'2023-02-09'),(35,33,'2023-02-09'),(36,33,'2023-02-09'),(37,33,'2023-02-09'),(38,33,'2023-02-09'),(39,33,'2023-02-09'),(40,33,'2023-02-09'),(61,40,'2023-02-09'),(62,40,'2023-02-09'),(63,40,'2023-02-09'),(64,40,'2023-02-09'),(65,40,'2023-02-09'),(66,40,'2023-02-09'),(67,40,'2023-02-09'),(68,40,'2023-02-09'),(69,40,'2023-02-09'),(70,40,'2023-02-09'),(71,40,'2023-02-09'),(72,40,'2023-02-09'),(73,40,'2023-02-09'),(74,40,'2023-02-09'),(75,40,'2023-02-09'),(76,40,'2023-02-09'),(77,40,'2023-02-09'),(78,40,'2023-02-09'),(79,40,'2023-02-09'),(80,40,'2023-02-09');
/*!40000 ALTER TABLE `cage_cleaning` ENABLE KEYS */;
UNLOCK TABLES;

--
-- Table structure for table `capacity`
--

DROP TABLE IF EXISTS `capacity`;
/*!40101 SET @saved_cs_client     = @@character_set_client */;
/*!50503 SET character_set_client = utf8mb4 */;
CREATE TABLE `capacity` (
  `Shelter_ID` int NOT NULL,
  `Date` date NOT NULL,
  `Current_Occupation` int NOT NULL,
  `Capacity` int NOT NULL,
  `XS_Cage_Occupied` int DEFAULT NULL,
  `Total_XS_Cage` int NOT NULL,
  `S_Cage_Occupied` int DEFAULT NULL,
  `Total_S_Cage` int NOT NULL,
  `M_Cage_Occupied` int DEFAULT NULL,
  `Total_M_Cage` int NOT NULL,
  `L_Cage_Occupied` int DEFAULT NULL,
  `Total_L_Cage` int NOT NULL,
  `XL_Cage_Occupied` int DEFAULT NULL,
  `Total_XL_Cage` int NOT NULL,
  `Intake` int DEFAULT NULL,
  `Outtake` int DEFAULT NULL,
  PRIMARY KEY (`Shelter_ID`,`Date`),
  CONSTRAINT `capacity_ibfk_1` FOREIGN KEY (`Shelter_ID`) REFERENCES `shelter` (`ID`)
) ENGINE=InnoDB DEFAULT CHARSET=utf8mb4 COLLATE=utf8mb4_0900_ai_ci;
/*!40101 SET character_set_client = @saved_cs_client */;

--
-- Dumping data for table `capacity`
--

LOCK TABLES `capacity` WRITE;
/*!40000 ALTER TABLE `capacity` DISABLE KEYS */;
INSERT INTO `capacity` VALUES (1,'2023-02-09',17,119,14,14,30,30,39,39,12,21,7,15,1,0);
/*!40000 ALTER TABLE `capacity` ENABLE KEYS */;
UNLOCK TABLES;

--
-- Table structure for table `department`
--

DROP TABLE IF EXISTS `department`;
/*!40101 SET @saved_cs_client     = @@character_set_client */;
/*!50503 SET character_set_client = utf8mb4 */;
CREATE TABLE `department` (
  `ID` int NOT NULL,
  `Name` varchar(40) NOT NULL,
  PRIMARY KEY (`ID`)
) ENGINE=InnoDB DEFAULT CHARSET=utf8mb4 COLLATE=utf8mb4_0900_ai_ci;
/*!40101 SET character_set_client = @saved_cs_client */;

--
-- Dumping data for table `department`
--

LOCK TABLES `department` WRITE;
/*!40000 ALTER TABLE `department` DISABLE KEYS */;
INSERT INTO `department` VALUES (1,'General Management'),(2,'Accounting & Finance'),(3,'Human Relations'),(4,'Front Administration'),(5,'Operations'),(6,'Vet Services'),(7,'Animal Care'),(8,'Janitorial');
/*!40000 ALTER TABLE `department` ENABLE KEYS */;
UNLOCK TABLES;

--
-- Table structure for table `employee`
--

DROP TABLE IF EXISTS `employee`;
/*!40101 SET @saved_cs_client     = @@character_set_client */;
/*!50503 SET character_set_client = utf8mb4 */;
CREATE TABLE `employee` (
  `ID` int NOT NULL,
  `Name` varchar(50) NOT NULL,
  `phone_no` varchar(15) DEFAULT NULL,
  `Email` varchar(50) NOT NULL,
  `Birth_date` date NOT NULL,
  `Job_Title` varchar(50) NOT NULL,
  `Hire_Date` date NOT NULL,
  `manager_id` int DEFAULT NULL,
  `Dept_ID` int NOT NULL,
  PRIMARY KEY (`ID`),
  KEY `Job_Title` (`Job_Title`),
  KEY `Dept_ID` (`Dept_ID`),
  CONSTRAINT `employee_ibfk_1` FOREIGN KEY (`Job_Title`) REFERENCES `positions` (`Job_Position`),
  CONSTRAINT `employee_ibfk_2` FOREIGN KEY (`Dept_ID`) REFERENCES `department` (`ID`)
) ENGINE=InnoDB DEFAULT CHARSET=utf8mb4 COLLATE=utf8mb4_0900_ai_ci;
/*!40101 SET character_set_client = @saved_cs_client */;

--
-- Dumping data for table `employee`
--

LOCK TABLES `employee` WRITE;
/*!40000 ALTER TABLE `employee` DISABLE KEYS */;
INSERT INTO `employee` VALUES (1,'Kin Waterstone','319-941-8876','kwaterstone0@springer.com','1948-05-16','Animal Assistant ','2022-11-01',5,7),(2,'Krystyna Craigg','693-652-4022','kcraigg1@webmd.com','1986-01-12','Animal Assistant ','2022-11-28',5,7),(3,'Niki Axtell','549-852-8005','naxtell2@reference.com','1961-09-30','Veterinarian','2022-01-01',38,3),(4,'Farlie Kerswell','611-119-3594','fkerswell3@mit.edu','1954-07-18','Animal Care Specialist','2022-09-18',5,7),(5,'Josias Georgeou','933-881-8072','jgeorgeou4@twitpic.com','1950-02-28','Manager','2022-09-03',18,1),(6,'Karolina Caygill','826-336-2335','kcaygill5@loc.gov','1954-04-26','Veterinary Technician','2022-10-31',38,6),(7,'Wendell Collishaw','285-941-2394','wcollishaw6@miibeian.gov.cn','1947-02-08','Director of Operations','2022-01-01',18,5),(8,'Bee Muggleston','231-297-7401','bmuggleston7@opera.com','1968-07-23','Manager','2022-04-21',18,1),(9,'Lyndsey Bremley','308-455-3057','lbremley8@mit.edu','1987-12-07','Veterinary Technician','2023-02-07',38,6),(10,'Courtney Millichip','857-540-9097','cmillichip9@360.cn','1946-03-01','Animal Care Specialist','2022-03-24',5,7),(11,'Euell Peppett','467-304-4369','epeppetta@miitbeian.gov.cn','1985-02-12','Veterinary Technician','2022-02-14',38,6),(12,'Flossy Zylberdik','585-254-9407','fzylberdikb@home.pl','1944-09-06','Animal Assistant ','2022-09-07',5,7),(13,'Michale Hollier','963-219-1084','mhollierc@plala.or.jp','1987-12-06','Animal Assistant ','2023-01-26',8,7),(14,'Stanleigh Timperley','839-155-4004','stimperleyd@mapy.cz','2000-05-02','Behavior Specialist','2022-06-21',38,6),(15,'Eliot Penhalurick','415-278-1397','epenhaluricke@1688.com','1970-03-28','Behavior Specialist','2022-08-09',38,6),(16,'Siana O\'Clery','257-685-9657','socleryf@ebay.com','1978-03-07','Veterinary Technician','2022-08-07',38,6),(17,'Danyelle Meas','974-399-3640','dmeasg@csmonitor.com','1954-07-26','Behavior Specialist','2022-01-01',38,6),(18,'Millie Pirie','331-625-5942','mpirieh@bbb.org','1941-08-15','CEO','2022-01-01',0,5),(19,'Aloisia Batten','720-942-2724','abatteni@163.com','1970-10-17','Animal Assistant ','2022-06-05',8,7),(20,'Essa Schout','944-369-6466','eschoutj@si.edu','1997-09-05','Animal Care Specialist','2022-06-29',8,7),(21,'Annabella Imbrey','478-389-3045','aimbreyk@addthis.com','2001-01-22','Animal Assistant ','2022-06-27',8,7),(22,'Jenn Ballantyne','805-155-4705','jballantynel@cnbc.com','1971-03-11','Veterinary Technician','2022-03-27',38,6),(23,'Grethel Darrigrand','451-483-6204','gdarrigrandm@narod.ru','1997-06-15','Animal Assistant ','2022-12-07',29,7),(24,'Francisca Hembrow','957-929-3523','fhembrown@adobe.com','1951-02-11','Veterinarian','2022-04-26',38,6),(25,'Gabbie Lerwell','870-873-8262','glerwello@imageshack.us','1998-07-25','Animal Assistant ','2022-06-06',29,7),(26,'Margeaux Pococke','705-520-8705','mpocockep@newyorker.com','1962-09-15','Animal Care Specialist','2022-01-18',8,7),(27,'Kristy Sibly','741-915-8834','ksiblyq@scribd.com','1940-08-01','Animal Care Specialist','2023-02-07',8,7),(28,'Jorrie Cornier','941-305-3205','jcornierr@naver.com','1989-03-31','Animal Assistant ','2022-01-20',29,7),(29,'Harrietta Napoleone','222-336-2794','hnapoleones@devhub.com','1940-10-30','Manager','2022-11-24',18,1),(30,'Abrahan Addess','246-194-8990','aaddesst@independent.co.uk','1961-12-23','Manager','2022-01-01',18,1),(31,'Rollins Crich','897-222-3614','rcrichu@reference.com','1997-09-10','Animal Care Specialist','2022-11-03',29,7),(32,'Roddy Trever','448-359-7879','rtreverv@answers.com','1951-08-21','Animal Care Specialist','2022-01-30',29,7),(33,'Earvin Ferrario','752-659-3236','eferrariow@nsw.gov.au','1957-12-29','Animal Assistant ','2022-09-13',30,7),(34,'Lenna Blaydon','170-416-6392','lblaydonx@g.co','1964-11-14','Animal Care Coordinaor','2022-01-01',5,5),(35,'Ax Le Provost','465-692-0405','aley@ning.com','1981-11-09','Animal Assistant ','2022-07-11',30,7),(36,'Jereme Tenby','567-419-5373','jtenbyz@yale.edu','1989-11-30','Animal Care Specialist','2022-02-22',30,7),(37,'Gardener Domanski','349-737-7883','gdomanski10@soup.io','2002-09-09','Animal Assistant ','2022-07-01',30,7),(38,'Marrissa Callaway','847-384-2498','mcallaway11@blogtalkradio.com','1957-08-29','Veterinarian Manager','2022-07-30',7,6),(39,'Sofia Ringer','672-927-9391','sringer12@abc.net.au','1956-01-18','Animal Care Specialist','2022-01-01',30,7),(40,'Prent Blackleech','373-473-2391','pblackleech13@wikispaces.com','1958-04-10','Animal Assistant ','2022-01-01',30,7);
/*!40000 ALTER TABLE `employee` ENABLE KEYS */;
UNLOCK TABLES;

--
-- Table structure for table `employee_schedule`
--

DROP TABLE IF EXISTS `employee_schedule`;
/*!40101 SET @saved_cs_client     = @@character_set_client */;
/*!50503 SET character_set_client = utf8mb4 */;
CREATE TABLE `employee_schedule` (
  `Employee_ID` int NOT NULL,
  `Date` date NOT NULL,
  `Start_Time` time DEFAULT NULL,
  `lunch_time` time DEFAULT NULL,
  `End_Time` time DEFAULT NULL,
  PRIMARY KEY (`Employee_ID`,`Date`),
  CONSTRAINT `employee_schedule_ibfk_1` FOREIGN KEY (`Employee_ID`) REFERENCES `employee` (`ID`)
) ENGINE=InnoDB DEFAULT CHARSET=utf8mb4 COLLATE=utf8mb4_0900_ai_ci;
/*!40101 SET character_set_client = @saved_cs_client */;

--
-- Dumping data for table `employee_schedule`
--

LOCK TABLES `employee_schedule` WRITE;
/*!40000 ALTER TABLE `employee_schedule` DISABLE KEYS */;
INSERT INTO `employee_schedule` VALUES (1,'2023-01-29','16:00:00','20:30:00','00:00:00'),(1,'2023-01-30','16:00:00','20:30:00','00:00:00'),(1,'2023-01-31','16:00:00','20:30:00','00:00:00'),(1,'2023-02-05','16:00:00','20:30:00','00:00:00'),(1,'2023-02-06','16:00:00','20:30:00','00:00:00'),(1,'2023-02-07','16:00:00','20:30:00','00:00:00'),(2,'2023-01-30','08:00:00','12:30:00','16:00:00'),(2,'2023-01-31','08:00:00','12:30:00','16:00:00'),(2,'2023-02-01','08:00:00','12:30:00','16:00:00'),(2,'2023-02-06','08:00:00','12:30:00','16:00:00'),(2,'2023-02-07','08:00:00','12:30:00','16:00:00'),(2,'2023-02-08','08:00:00','12:30:00','16:00:00'),(3,'2023-01-27','16:00:00','20:30:00','00:00:00'),(3,'2023-01-30','16:00:00','20:30:00','00:00:00'),(3,'2023-01-31','16:00:00','20:30:00','00:00:00'),(3,'2023-02-01','16:00:00','20:30:00','00:00:00'),(3,'2023-02-02','16:00:00','20:30:00','00:00:00'),(3,'2023-02-03','16:00:00','20:30:00','00:00:00'),(3,'2023-02-06','16:00:00','20:30:00','00:00:00'),(3,'2023-02-07','16:00:00','20:30:00','00:00:00'),(3,'2023-02-08','16:00:00','20:30:00','00:00:00'),(3,'2023-02-09','16:00:00','20:30:00','00:00:00'),(4,'2023-01-27','00:00:00','04:30:00','08:00:00'),(4,'2023-01-28','00:00:00','04:30:00','08:00:00'),(4,'2023-01-29','00:00:00','04:30:00','08:00:00'),(4,'2023-02-02','00:00:00','04:30:00','08:00:00'),(4,'2023-02-03','00:00:00','04:30:00','08:00:00'),(4,'2023-02-04','00:00:00','04:30:00','08:00:00'),(4,'2023-02-05','00:00:00','04:30:00','08:00:00'),(4,'2023-02-09','00:00:00','04:30:00','08:00:00'),(5,'2023-01-27','16:00:00','20:30:00','00:00:00'),(5,'2023-01-28','08:00:00','12:30:00','16:00:00'),(5,'2023-01-29','08:00:00','12:30:00','16:00:00'),(5,'2023-01-30','16:00:00','20:30:00','00:00:00'),(5,'2023-01-31','16:00:00','20:30:00','00:00:00'),(5,'2023-02-01','16:00:00','20:30:00','00:00:00'),(5,'2023-02-03','16:00:00','20:30:00','00:00:00'),(5,'2023-02-04','08:00:00','12:30:00','16:00:00'),(5,'2023-02-05','08:00:00','12:30:00','16:00:00'),(5,'2023-02-06','16:00:00','20:30:00','00:00:00'),(5,'2023-02-07','16:00:00','20:30:00','00:00:00'),(5,'2023-02-08','16:00:00','20:30:00','00:00:00'),(6,'2023-01-27','16:00:00','20:30:00','00:00:00'),(6,'2023-01-30','16:00:00','20:30:00','00:00:00'),(6,'2023-01-31','16:00:00','20:30:00','00:00:00'),(6,'2023-02-01','16:00:00','20:30:00','00:00:00'),(6,'2023-02-02','16:00:00','20:30:00','00:00:00'),(6,'2023-02-03','16:00:00','20:30:00','00:00:00'),(6,'2023-02-06','16:00:00','20:30:00','00:00:00'),(6,'2023-02-07','16:00:00','20:30:00','00:00:00'),(6,'2023-02-08','16:00:00','20:30:00','00:00:00'),(6,'2023-02-09','16:00:00','20:30:00','00:00:00'),(7,'2023-01-27','08:00:00','12:30:00','16:00:00'),(7,'2023-01-30','08:00:00','12:30:00','16:00:00'),(7,'2023-01-31','08:00:00','12:30:00','16:00:00'),(7,'2023-02-01','08:00:00','12:30:00','16:00:00'),(7,'2023-02-02','08:00:00','12:30:00','16:00:00'),(7,'2023-02-03','08:00:00','12:30:00','16:00:00'),(7,'2023-02-06','08:00:00','12:30:00','16:00:00'),(7,'2023-02-07','08:00:00','12:30:00','16:00:00'),(7,'2023-02-08','08:00:00','12:30:00','16:00:00'),(7,'2023-02-09','08:00:00','12:30:00','16:00:00'),(8,'2023-01-27','00:00:00','04:30:00','08:00:00'),(8,'2023-01-30','00:00:00','04:30:00','08:00:00'),(8,'2023-01-31','16:00:00','20:30:00','00:00:00'),(8,'2023-02-01','00:00:00','04:30:00','08:00:00'),(8,'2023-02-02','00:00:00','04:30:00','08:00:00'),(8,'2023-02-03','00:00:00','04:30:00','08:00:00'),(8,'2023-02-06','00:00:00','04:30:00','08:00:00'),(8,'2023-02-07','16:00:00','20:30:00','00:00:00'),(8,'2023-02-08','00:00:00','04:30:00','08:00:00'),(8,'2023-02-09','00:00:00','04:30:00','08:00:00'),(9,'2023-01-27','08:00:00','12:30:00','16:00:00'),(9,'2023-02-01','08:00:00','12:30:00','16:00:00'),(9,'2023-02-02','08:00:00','12:30:00','16:00:00'),(9,'2023-02-03','08:00:00','12:30:00','16:00:00'),(9,'2023-02-08','08:00:00','12:30:00','16:00:00'),(9,'2023-02-09','08:00:00','12:30:00','16:00:00'),(10,'2023-01-30','16:00:00','20:30:00','00:00:00'),(10,'2023-01-31','16:00:00','20:30:00','00:00:00'),(10,'2023-02-01','16:00:00','20:30:00','00:00:00'),(10,'2023-02-06','16:00:00','20:30:00','00:00:00'),(10,'2023-02-07','16:00:00','20:30:00','00:00:00'),(10,'2023-02-08','16:00:00','20:30:00','00:00:00'),(11,'2023-01-27','08:00:00','12:30:00','16:00:00'),(11,'2023-01-30','08:00:00','12:30:00','16:00:00'),(11,'2023-01-31','08:00:00','12:30:00','16:00:00'),(11,'2023-02-01','08:00:00','12:30:00','16:00:00'),(11,'2023-02-02','08:00:00','12:30:00','16:00:00'),(11,'2023-02-03','08:00:00','12:30:00','16:00:00'),(11,'2023-02-06','08:00:00','12:30:00','16:00:00'),(11,'2023-02-07','08:00:00','12:30:00','16:00:00'),(11,'2023-02-08','08:00:00','12:30:00','16:00:00'),(11,'2023-02-09','08:00:00','12:30:00','16:00:00'),(12,'2023-01-30','08:00:00','12:30:00','16:00:00'),(12,'2023-01-31','08:00:00','12:30:00','16:00:00'),(12,'2023-02-01','08:00:00','12:30:00','16:00:00'),(12,'2023-02-06','08:00:00','12:30:00','16:00:00'),(12,'2023-02-07','08:00:00','12:30:00','16:00:00'),(12,'2023-02-08','08:00:00','12:30:00','16:00:00'),(13,'2023-01-28','08:00:00','12:30:00','16:00:00'),(13,'2023-01-29','08:00:00','12:30:00','16:00:00'),(13,'2023-02-02','08:00:00','12:30:00','16:00:00'),(13,'2023-02-04','08:00:00','12:30:00','16:00:00'),(13,'2023-02-05','08:00:00','12:30:00','16:00:00'),(13,'2023-02-09','08:00:00','12:30:00','16:00:00'),(14,'2023-01-30','08:00:00','12:30:00','16:00:00'),(14,'2023-01-31','08:00:00','12:30:00','16:00:00'),(14,'2023-02-01','08:00:00','12:30:00','16:00:00'),(14,'2023-02-02','08:00:00','12:30:00','16:00:00'),(14,'2023-02-06','08:00:00','12:30:00','16:00:00'),(14,'2023-02-07','08:00:00','12:30:00','16:00:00'),(14,'2023-02-08','08:00:00','12:30:00','16:00:00'),(14,'2023-02-09','08:00:00','12:30:00','16:00:00'),(15,'2023-01-27','08:00:00','12:30:00','16:00:00'),(15,'2023-01-28','08:00:00','12:30:00','16:00:00'),(15,'2023-01-29','08:00:00','12:30:00','16:00:00'),(15,'2023-01-30','16:00:00','20:30:00','00:00:00'),(15,'2023-01-31','16:00:00','20:30:00','00:00:00'),(15,'2023-02-03','08:00:00','12:30:00','16:00:00'),(15,'2023-02-04','08:00:00','12:30:00','16:00:00'),(15,'2023-02-05','08:00:00','12:30:00','16:00:00'),(15,'2023-02-06','16:00:00','20:30:00','00:00:00'),(15,'2023-02-07','16:00:00','20:30:00','00:00:00'),(16,'2023-01-27','08:00:00','12:30:00','16:00:00'),(16,'2023-01-30','08:00:00','12:30:00','16:00:00'),(16,'2023-01-31','08:00:00','12:30:00','16:00:00'),(16,'2023-02-01','08:00:00','12:30:00','16:00:00'),(16,'2023-02-02','08:00:00','12:30:00','16:00:00'),(16,'2023-02-03','08:00:00','12:30:00','16:00:00'),(16,'2023-02-06','08:00:00','12:30:00','16:00:00'),(16,'2023-02-07','08:00:00','12:30:00','16:00:00'),(16,'2023-02-08','08:00:00','12:30:00','16:00:00'),(16,'2023-02-09','08:00:00','12:30:00','16:00:00'),(17,'2023-01-27','16:00:00','20:30:00','00:00:00'),(17,'2023-01-28','16:00:00','20:30:00','00:00:00'),(17,'2023-01-29','16:00:00','20:30:00','00:00:00'),(17,'2023-02-01','16:00:00','20:30:00','00:00:00'),(17,'2023-02-02','16:00:00','20:30:00','00:00:00'),(17,'2023-02-03','16:00:00','20:30:00','00:00:00'),(17,'2023-02-04','16:00:00','20:30:00','00:00:00'),(17,'2023-02-05','16:00:00','20:30:00','00:00:00'),(17,'2023-02-08','16:00:00','20:30:00','00:00:00'),(17,'2023-02-09','16:00:00','20:30:00','00:00:00'),(18,'2023-01-27','08:00:00','12:30:00','16:00:00'),(18,'2023-01-30','08:00:00','12:30:00','16:00:00'),(18,'2023-01-31','08:00:00','12:30:00','16:00:00'),(18,'2023-02-01','08:00:00','12:30:00','16:00:00'),(18,'2023-02-02','08:00:00','12:30:00','16:00:00'),(18,'2023-02-03','08:00:00','12:30:00','16:00:00'),(18,'2023-02-06','08:00:00','12:30:00','16:00:00'),(18,'2023-02-07','08:00:00','12:30:00','16:00:00'),(18,'2023-02-08','08:00:00','12:30:00','16:00:00'),(18,'2023-02-09','08:00:00','12:30:00','16:00:00'),(19,'2023-01-31','00:00:00','04:30:00','08:00:00'),(19,'2023-02-01','00:00:00','04:30:00','08:00:00'),(19,'2023-02-02','00:00:00','04:30:00','08:00:00'),(19,'2023-02-07','00:00:00','04:30:00','08:00:00'),(19,'2023-02-08','00:00:00','04:30:00','08:00:00'),(19,'2023-02-09','00:00:00','04:30:00','08:00:00'),(20,'2023-01-30','00:00:00','04:30:00','08:00:00'),(20,'2023-01-31','00:00:00','04:30:00','08:00:00'),(20,'2023-02-01','00:00:00','04:30:00','08:00:00'),(20,'2023-02-06','00:00:00','04:30:00','08:00:00'),(20,'2023-02-07','00:00:00','04:30:00','08:00:00'),(20,'2023-02-08','00:00:00','04:30:00','08:00:00'),(21,'2023-01-27','00:00:00','04:30:00','08:00:00'),(21,'2023-01-28','00:00:00','04:30:00','08:00:00'),(21,'2023-01-29','00:00:00','04:30:00','08:00:00'),(21,'2023-02-02','00:00:00','04:30:00','08:00:00'),(21,'2023-02-03','00:00:00','04:30:00','08:00:00'),(21,'2023-02-04','00:00:00','04:30:00','08:00:00'),(21,'2023-02-05','00:00:00','04:30:00','08:00:00'),(21,'2023-02-09','00:00:00','04:30:00','08:00:00'),(22,'2023-01-27','16:00:00','20:30:00','00:00:00'),(22,'2023-01-30','16:00:00','20:30:00','00:00:00'),(22,'2023-01-31','16:00:00','20:30:00','00:00:00'),(22,'2023-02-01','16:00:00','20:30:00','00:00:00'),(22,'2023-02-02','16:00:00','20:30:00','00:00:00'),(22,'2023-02-03','16:00:00','20:30:00','00:00:00'),(22,'2023-02-06','16:00:00','20:30:00','00:00:00'),(22,'2023-02-07','16:00:00','20:30:00','00:00:00'),(22,'2023-02-08','16:00:00','20:30:00','00:00:00'),(22,'2023-02-09','16:00:00','20:30:00','00:00:00'),(23,'2023-01-27','00:00:00','04:30:00','08:00:00'),(23,'2023-01-28','00:00:00','04:30:00','08:00:00'),(23,'2023-01-29','00:00:00','04:30:00','08:00:00'),(23,'2023-01-30','00:00:00','04:30:00','08:00:00'),(23,'2023-02-03','00:00:00','04:30:00','08:00:00'),(23,'2023-02-04','00:00:00','04:30:00','08:00:00'),(23,'2023-02-05','00:00:00','04:30:00','08:00:00'),(23,'2023-02-06','00:00:00','04:30:00','08:00:00'),(24,'2023-01-27','08:00:00','12:30:00','16:00:00'),(24,'2023-01-30','08:00:00','12:30:00','16:00:00'),(24,'2023-01-31','08:00:00','12:30:00','16:00:00'),(24,'2023-02-01','08:00:00','12:30:00','16:00:00'),(24,'2023-02-02','08:00:00','12:30:00','16:00:00'),(24,'2023-02-03','08:00:00','12:30:00','16:00:00'),(24,'2023-02-06','08:00:00','12:30:00','16:00:00'),(24,'2023-02-07','08:00:00','12:30:00','16:00:00'),(24,'2023-02-08','08:00:00','12:30:00','16:00:00'),(24,'2023-02-09','08:00:00','12:30:00','16:00:00'),(25,'2023-01-28','16:00:00','20:30:00','00:00:00'),(25,'2023-01-29','16:00:00','20:30:00','00:00:00'),(25,'2023-01-30','16:00:00','20:30:00','00:00:00'),(25,'2023-01-31','16:00:00','20:30:00','00:00:00'),(25,'2023-02-01','16:00:00','20:30:00','00:00:00'),(25,'2023-02-04','16:00:00','20:30:00','00:00:00'),(25,'2023-02-05','16:00:00','20:30:00','00:00:00'),(25,'2023-02-06','16:00:00','20:30:00','00:00:00'),(25,'2023-02-07','16:00:00','20:30:00','00:00:00'),(25,'2023-02-08','16:00:00','20:30:00','00:00:00'),(26,'2023-01-27','16:00:00','20:30:00','00:00:00'),(26,'2023-01-28','16:00:00','20:30:00','00:00:00'),(26,'2023-01-29','16:00:00','20:30:00','00:00:00'),(26,'2023-02-02','16:00:00','20:30:00','00:00:00'),(26,'2023-02-03','16:00:00','20:30:00','00:00:00'),(26,'2023-02-04','16:00:00','20:30:00','00:00:00'),(26,'2023-02-05','16:00:00','20:30:00','00:00:00'),(26,'2023-02-09','16:00:00','20:30:00','00:00:00'),(27,'2023-01-27','08:00:00','12:30:00','16:00:00'),(27,'2023-01-28','08:00:00','12:30:00','16:00:00'),(27,'2023-01-29','08:00:00','12:30:00','16:00:00'),(27,'2023-02-03','08:00:00','12:30:00','16:00:00'),(27,'2023-02-04','08:00:00','12:30:00','16:00:00'),(27,'2023-02-05','08:00:00','12:30:00','16:00:00'),(28,'2023-01-27','16:00:00','20:30:00','00:00:00'),(28,'2023-01-28','16:00:00','20:30:00','00:00:00'),(28,'2023-02-01','16:00:00','20:30:00','00:00:00'),(28,'2023-02-02','16:00:00','20:30:00','00:00:00'),(28,'2023-02-03','16:00:00','20:30:00','00:00:00'),(28,'2023-02-04','16:00:00','20:30:00','00:00:00'),(28,'2023-02-08','16:00:00','20:30:00','00:00:00'),(28,'2023-02-09','16:00:00','20:30:00','00:00:00'),(29,'2023-01-27','08:00:00','12:30:00','16:00:00'),(29,'2023-01-30','08:00:00','12:30:00','16:00:00'),(29,'2023-01-31','08:00:00','12:30:00','16:00:00'),(29,'2023-02-01','08:00:00','12:30:00','16:00:00'),(29,'2023-02-02','08:00:00','12:30:00','16:00:00'),(29,'2023-02-03','08:00:00','12:30:00','16:00:00'),(29,'2023-02-06','08:00:00','12:30:00','16:00:00'),(29,'2023-02-07','08:00:00','12:30:00','16:00:00'),(29,'2023-02-08','08:00:00','12:30:00','16:00:00'),(29,'2023-02-09','08:00:00','12:30:00','16:00:00'),(30,'2023-01-28','16:00:00','20:30:00','00:00:00'),(30,'2023-01-29','16:00:00','20:30:00','00:00:00'),(30,'2023-02-02','16:00:00','20:30:00','00:00:00'),(30,'2023-02-04','16:00:00','20:30:00','00:00:00'),(30,'2023-02-05','16:00:00','20:30:00','00:00:00'),(30,'2023-02-09','16:00:00','20:30:00','00:00:00'),(31,'2023-01-30','08:00:00','12:30:00','16:00:00'),(31,'2023-01-31','08:00:00','12:30:00','16:00:00'),(31,'2023-02-01','08:00:00','12:30:00','16:00:00'),(31,'2023-02-02','08:00:00','12:30:00','16:00:00'),(31,'2023-02-06','08:00:00','12:30:00','16:00:00'),(31,'2023-02-07','08:00:00','12:30:00','16:00:00'),(31,'2023-02-08','08:00:00','12:30:00','16:00:00'),(31,'2023-02-09','08:00:00','12:30:00','16:00:00'),(32,'2023-01-27','00:00:00','04:30:00','08:00:00'),(32,'2023-01-28','00:00:00','04:30:00','08:00:00'),(32,'2023-01-29','00:00:00','04:30:00','08:00:00'),(32,'2023-02-02','00:00:00','04:30:00','08:00:00'),(32,'2023-02-03','00:00:00','04:30:00','08:00:00'),(32,'2023-02-04','00:00:00','04:30:00','08:00:00'),(32,'2023-02-05','00:00:00','04:30:00','08:00:00'),(32,'2023-02-09','00:00:00','04:30:00','08:00:00'),(33,'2023-01-27','08:00:00','12:30:00','16:00:00'),(33,'2023-02-02','08:00:00','12:30:00','16:00:00'),(33,'2023-02-03','08:00:00','12:30:00','16:00:00'),(33,'2023-02-09','08:00:00','12:30:00','16:00:00'),(34,'2023-01-27','08:00:00','12:30:00','16:00:00'),(34,'2023-01-30','08:00:00','12:30:00','16:00:00'),(34,'2023-01-31','08:00:00','12:30:00','16:00:00'),(34,'2023-02-01','08:00:00','12:30:00','16:00:00'),(34,'2023-02-02','08:00:00','12:30:00','16:00:00'),(34,'2023-02-03','08:00:00','12:30:00','16:00:00'),(34,'2023-02-06','08:00:00','12:30:00','16:00:00'),(34,'2023-02-07','08:00:00','12:30:00','16:00:00'),(34,'2023-02-08','08:00:00','12:30:00','16:00:00'),(34,'2023-02-09','08:00:00','12:30:00','16:00:00'),(35,'2023-01-27','08:00:00','12:30:00','16:00:00'),(35,'2023-01-28','08:00:00','12:30:00','16:00:00'),(35,'2023-01-29','08:00:00','12:30:00','16:00:00'),(35,'2023-02-03','08:00:00','12:30:00','16:00:00'),(35,'2023-02-04','08:00:00','12:30:00','16:00:00'),(35,'2023-02-05','08:00:00','12:30:00','16:00:00'),(36,'2023-01-30','08:00:00','12:30:00','16:00:00'),(36,'2023-01-31','08:00:00','12:30:00','16:00:00'),(36,'2023-02-01','08:00:00','12:30:00','16:00:00'),(36,'2023-02-02','08:00:00','12:30:00','16:00:00'),(36,'2023-02-06','08:00:00','12:30:00','16:00:00'),(36,'2023-02-07','08:00:00','12:30:00','16:00:00'),(36,'2023-02-08','08:00:00','12:30:00','16:00:00'),(36,'2023-02-09','08:00:00','12:30:00','16:00:00'),(37,'2023-01-30','00:00:00','04:30:00','08:00:00'),(37,'2023-01-31','00:00:00','04:30:00','08:00:00'),(37,'2023-02-01','00:00:00','04:30:00','08:00:00'),(37,'2023-02-06','00:00:00','04:30:00','08:00:00'),(37,'2023-02-07','00:00:00','04:30:00','08:00:00'),(37,'2023-02-08','00:00:00','04:30:00','08:00:00'),(38,'2023-01-27','08:00:00','12:30:00','16:00:00'),(38,'2023-01-30','08:00:00','12:30:00','16:00:00'),(38,'2023-01-31','08:00:00','12:30:00','16:00:00'),(38,'2023-02-01','08:00:00','12:30:00','16:00:00'),(38,'2023-02-02','08:00:00','12:30:00','16:00:00'),(38,'2023-02-03','08:00:00','12:30:00','16:00:00'),(38,'2023-02-06','08:00:00','12:30:00','16:00:00'),(38,'2023-02-07','08:00:00','12:30:00','16:00:00'),(38,'2023-02-08','08:00:00','12:30:00','16:00:00'),(38,'2023-02-09','08:00:00','12:30:00','16:00:00'),(39,'2023-01-27','08:00:00','12:30:00','16:00:00'),(39,'2023-01-28','08:00:00','12:30:00','16:00:00'),(39,'2023-01-29','08:00:00','12:30:00','16:00:00'),(39,'2023-02-03','08:00:00','12:30:00','16:00:00'),(39,'2023-02-04','08:00:00','12:30:00','16:00:00'),(39,'2023-02-05','08:00:00','12:30:00','16:00:00'),(40,'2023-01-27','16:00:00','20:30:00','00:00:00'),(40,'2023-02-02','16:00:00','20:30:00','00:00:00'),(40,'2023-02-03','16:00:00','20:30:00','00:00:00'),(40,'2023-02-09','16:00:00','20:30:00','00:00:00');
/*!40000 ALTER TABLE `employee_schedule` ENABLE KEYS */;
UNLOCK TABLES;

--
-- Table structure for table `employee_wage`
--

DROP TABLE IF EXISTS `employee_wage`;
/*!40101 SET @saved_cs_client     = @@character_set_client */;
/*!50503 SET character_set_client = utf8mb4 */;
CREATE TABLE `employee_wage` (
  `Employee_Id` int NOT NULL,
  `Last_Raise` date DEFAULT NULL,
  `Next_Raise` date DEFAULT NULL,
  `Current_Salary` decimal(15,2) NOT NULL,
  `Pay_Frequency` enum('Weekly','Bi-weekly','Monthly','Daily') DEFAULT NULL,
  PRIMARY KEY (`Employee_Id`),
  CONSTRAINT `employee_wage_ibfk_1` FOREIGN KEY (`Employee_Id`) REFERENCES `employee` (`ID`)
) ENGINE=InnoDB DEFAULT CHARSET=utf8mb4 COLLATE=utf8mb4_0900_ai_ci;
/*!40101 SET character_set_client = @saved_cs_client */;

--
-- Dumping data for table `employee_wage`
--

LOCK TABLES `employee_wage` WRITE;
/*!40000 ALTER TABLE `employee_wage` DISABLE KEYS */;
INSERT INTO `employee_wage` VALUES (1,'2022-11-01','2023-08-01',8.00,'Weekly'),(2,'2022-11-28','2023-08-28',8.00,'Weekly'),(3,'2022-10-01','2023-07-01',36.50,'Weekly'),(4,'2022-09-18','2023-06-18',10.00,'Weekly'),(5,'2022-09-03','2023-06-03',25.00,'Weekly'),(6,'2022-10-31','2023-07-31',18.00,'Weekly'),(7,'2022-10-01','2023-07-01',33.50,'Weekly'),(8,'2023-01-21','2023-10-21',26.50,'Weekly'),(9,'2023-02-07','2023-11-07',18.00,'Weekly'),(10,'2022-12-24','2023-09-24',11.50,'Weekly'),(11,'2022-11-14','2023-08-14',19.50,'Weekly'),(12,'2022-09-07','2023-06-07',8.00,'Weekly'),(13,'2023-01-26','2023-10-26',8.00,'Weekly'),(14,'2022-06-21','2023-03-21',30.00,'Weekly'),(15,'2022-08-09','2023-05-09',30.00,'Weekly'),(16,'2022-08-07','2023-05-07',18.00,'Weekly'),(17,'2022-10-01','2023-07-01',31.50,'Weekly'),(18,'2022-10-01','2023-07-01',81.50,'Weekly'),(19,'2022-06-05','2023-03-05',8.00,'Weekly'),(20,'2022-06-29','2023-03-29',10.00,'Weekly'),(21,'2022-06-27','2023-03-27',8.00,'Weekly'),(22,'2022-12-27','2023-09-27',19.50,'Weekly'),(23,'2022-12-07','2023-09-07',8.00,'Weekly'),(24,'2023-01-26','2023-10-26',36.50,'Weekly'),(25,'2022-06-06','2023-03-06',8.00,'Weekly'),(26,'2022-10-18','2023-07-18',11.50,'Weekly'),(27,'2023-02-07','2023-11-07',10.00,'Weekly'),(28,'2022-10-20','2023-07-20',9.50,'Weekly'),(29,'2022-11-24','2023-08-24',25.00,'Weekly'),(30,'2022-10-01','2023-07-01',26.50,'Weekly'),(31,'2022-11-03','2023-08-03',10.00,'Weekly'),(32,'2022-10-30','2023-07-30',11.50,'Weekly'),(33,'2022-09-13','2023-06-13',8.00,'Weekly'),(34,'2022-10-01','2023-07-01',21.50,'Weekly'),(35,'2022-07-11','2023-04-11',8.00,'Weekly'),(36,'2022-11-22','2023-08-22',11.50,'Weekly'),(37,'2022-07-01','2023-04-01',8.00,'Weekly'),(38,'2022-07-30','2023-04-30',40.00,'Weekly'),(39,'2022-10-01','2023-07-01',11.50,'Weekly'),(40,'2022-10-01','2023-07-01',9.50,'Weekly');
/*!40000 ALTER TABLE `employee_wage` ENABLE KEYS */;
UNLOCK TABLES;

--
-- Table structure for table `foster`
--

DROP TABLE IF EXISTS `foster`;
/*!40101 SET @saved_cs_client     = @@character_set_client */;
/*!50503 SET character_set_client = utf8mb4 */;
CREATE TABLE `foster` (
  `ID` int NOT NULL,
  `Name` varchar(50) NOT NULL,
  `phone_no` varchar(15) DEFAULT NULL,
  `Email` varchar(80) NOT NULL,
  PRIMARY KEY (`ID`)
) ENGINE=InnoDB DEFAULT CHARSET=utf8mb4 COLLATE=utf8mb4_0900_ai_ci;
/*!40101 SET character_set_client = @saved_cs_client */;

--
-- Dumping data for table `foster`
--

LOCK TABLES `foster` WRITE;
/*!40000 ALTER TABLE `foster` DISABLE KEYS */;
INSERT INTO `foster` VALUES (1,'Shandie Rowberry','744-617-0176','srowberry0@noaa.gov'),(2,'Sandi Hannay','469-548-5354','shannay1@harvard.edu'),(3,'Yves Arne','553-909-9735','yarne2@omniture.com'),(4,'Nettle Scimone','122-568-8364','nscimone3@instagram.com'),(5,'Emmery Roadknight','399-400-9416','eroadknight4@wiley.com'),(6,'Mariejeanne Brisard','474-984-3132','mbrisard5@360.cn'),(7,'Bevan Dornan','147-956-9480','bdornan6@sciencedaily.com'),(8,'Robinetta Jugging','191-804-1576','rjugging7@alibaba.com'),(9,'Mendie Wallas','820-189-0511','mwallas8@archive.org'),(10,'Huntington Catterick','554-204-0632','hcatterick9@skype.com'),(11,'Joby Kas','659-768-6214','jkasa@google.com.hk'),(12,'Bearnard Mawdsley','629-855-7760','bmawdsleyb@youtube.com'),(13,'Nana Dispencer','959-241-7628','ndispencerc@ning.com'),(14,'Constantina Geldert','603-548-0401','cgeldertd@youtu.be'),(15,'Tawnya Nevet','398-111-7617','tnevete@marketwatch.com'),(16,'Sheba Wethers','141-744-4943','swethersf@oracle.com'),(17,'Louella Vance','339-137-3991','lvanceg@delicious.com'),(18,'Eve Yeandel','724-432-6590','eyeandelh@psu.edu'),(19,'Dav Steadman','995-867-4877','dsteadmani@sfgate.com'),(20,'Jobyna Bates','445-338-3261','jbatesj@independent.co.uk'),(21,'Vivian Seal','591-680-9124','vsealk@free.fr'),(22,'Indira Jouhan','467-177-8200','ijouhanl@virginia.edu'),(23,'Fairfax MacPaik','234-657-2712','fmacpaikm@comsenz.com'),(24,'Erda Leader','278-178-1152','eleadern@technorati.com'),(25,'Herman Madgin','944-332-6822','hmadgino@ameblo.jp'),(26,'Tait Todman','145-889-6208','ttodmanp@squidoo.com'),(27,'Natalina Colnett','471-781-9162','ncolnettq@livejournal.com'),(28,'Hunfredo Crosscombe','593-205-2713','hcrosscomber@naver.com'),(29,'Kylila Nutbrown','203-550-3595','knutbrowns@nps.gov'),(30,'Amelita Jedrasik','383-699-4812','ajedrasikt@omniture.com'),(31,'Wren MacFayden','906-612-8434','wmacfaydenu@usa.gov'),(32,'Rafe Coling','336-752-9983','rcolingv@bizjournals.com'),(33,'Doti Flewin','136-844-9830','dflewinw@statcounter.com'),(34,'Ave Woolgar','141-883-7972','awoolgarx@bbc.co.uk'),(35,'Jacinta Huelin','822-447-0592','jhueliny@ihg.com'),(36,'Marcelia Manterfield','305-523-9609','mmanterfieldz@sitemeter.com'),(37,'Tonie Boult','106-946-5127','tboult10@wix.com'),(38,'Shela Bolin','360-887-1412','sbolin11@wix.com'),(39,'Kial Shepton','283-921-6413','kshepton12@weebly.com'),(40,'Jody Barraclough','368-780-7174','jbarraclough13@shutterfly.com'),(41,'Rosalind Bewshaw','964-903-9568','rbewshaw14@woothemes.com'),(42,'Lottie Nunan','427-673-0840','lnunan15@harvard.edu'),(43,'Lionel Peatt','616-644-1475','lpeatt16@imageshack.us'),(44,'Linet Caff','837-646-7454','lcaff17@homestead.com'),(45,'Pincas Hirtzmann','233-696-0102','phirtzmann18@reuters.com'),(46,'Kalie Flanne','736-110-5411','kflanne19@indiatimes.com'),(47,'Daffie Pietersma','247-207-7263','dpietersma1a@businessweek.com'),(48,'Hermann Durdy','873-418-1549','hdurdy1b@pen.io'),(49,'Yevette Tortoise','833-886-2008','ytortoise1c@google.com'),(50,'Ellissa Prawle','300-667-7079','eprawle1d@odnoklassniki.ru'),(51,'Mallorie Baack','312-795-0182','mbaack1e@discovery.com'),(52,'Storm Still','836-346-6113','sstill1f@ifeng.com'),(53,'Denna Wife','548-372-9511','dwife1g@mail.ru'),(54,'Gayelord Da Costa','840-415-3713','gda1h@wikipedia.org'),(55,'Brigg Noddings','992-157-2412','bnoddings1i@webmd.com'),(56,'Ricardo Al Hirsi','769-222-7949','ral1j@biglobe.ne.jp'),(57,'Grace Hamments','980-243-3599','ghamments1k@ucla.edu'),(58,'Galvin Bartoszek','999-549-9361','gbartoszek1l@ameblo.jp'),(59,'Carver Gajownik','579-273-0379','cgajownik1m@unc.edu'),(60,'Cordelia Gawthorp','944-290-3886','cgawthorp1n@eepurl.com'),(61,'Emory Hallen','116-223-3511','ehallen1o@drupal.org'),(62,'Deloris Mallaby','749-625-5494','dmallaby1p@furl.net'),(63,'Colman Clappison','458-294-5586','cclappison1q@cargocollective.com'),(64,'Carny Ebbins','635-874-5369','cebbins1r@ebay.co.uk'),(65,'Nil De Roos','195-323-4802','nde1s@storify.com'),(66,'Heall Hotchkin','973-413-0172','hhotchkin1t@merriam-webster.com'),(67,'Bob Evitt','991-379-1044','bevitt1u@howstuffworks.com'),(68,'Stavros Sharland','845-466-3663','ssharland1v@cafepress.com'),(69,'Rebe Castree','354-284-5109','rcastree1w@sourceforge.net'),(70,'Fiona Lightbourne','370-522-1652','flightbourne1x@bing.com'),(71,'Lorri Guiver','624-146-2266','lguiver1y@netlog.com'),(72,'Ode Marwood','117-738-2889','omarwood1z@ucla.edu'),(73,'Ruggiero Jerman','917-569-5094','rjerman20@yahoo.com'),(74,'Pier Bowland','995-807-9703','pbowland21@unesco.org'),(75,'Mathew Jonah','328-255-7637','mjonah22@redcross.org'),(76,'Melodie Harnwell','221-302-1196','mharnwell23@forbes.com'),(77,'Burt Vigus','376-788-7967','bvigus24@blogspot.com');
/*!40000 ALTER TABLE `foster` ENABLE KEYS */;
UNLOCK TABLES;

--
-- Table structure for table `fosterings`
--

DROP TABLE IF EXISTS `fosterings`;
/*!40101 SET @saved_cs_client     = @@character_set_client */;
/*!50503 SET character_set_client = utf8mb4 */;
CREATE TABLE `fosterings` (
  `Foster_ID` int NOT NULL,
  `Animal_ID` int NOT NULL,
  KEY `Foster_ID` (`Foster_ID`),
  KEY `Animal_ID` (`Animal_ID`),
  CONSTRAINT `fosterings_ibfk_1` FOREIGN KEY (`Foster_ID`) REFERENCES `foster` (`ID`),
  CONSTRAINT `fosterings_ibfk_2` FOREIGN KEY (`Animal_ID`) REFERENCES `animal` (`ID`)
) ENGINE=InnoDB DEFAULT CHARSET=utf8mb4 COLLATE=utf8mb4_0900_ai_ci;
/*!40101 SET character_set_client = @saved_cs_client */;

--
-- Dumping data for table `fosterings`
--

LOCK TABLES `fosterings` WRITE;
/*!40000 ALTER TABLE `fosterings` DISABLE KEYS */;
INSERT INTO `fosterings` VALUES (1,900058),(2,900074),(3,900084),(4,900092),(5,900112),(6,900128),(7,900152),(1,900198),(9,900212),(10,900228),(11,900238),(45,900326),(13,900346),(14,900354),(15,900366),(16,900368),(17,900426),(67,900444),(19,900456),(23,900460),(21,900496),(22,900522),(56,900540),(24,900542),(25,900600),(26,900604),(27,900608),(28,900622),(29,900630),(49,900642),(31,900664),(32,900674),(33,900688),(34,900694),(39,900734),(36,900738);
/*!40000 ALTER TABLE `fosterings` ENABLE KEYS */;
UNLOCK TABLES;

--
-- Table structure for table `health_report`
--

DROP TABLE IF EXISTS `health_report`;
/*!40101 SET @saved_cs_client     = @@character_set_client */;
/*!50503 SET character_set_client = utf8mb4 */;
CREATE TABLE `health_report` (
  `ID` int NOT NULL,
  `Inspection_Date` date NOT NULL,
  `Inspector` int NOT NULL,
  `Animal_ID` int NOT NULL,
  `Microchip` int DEFAULT NULL,
  `Sex` enum('M','F') NOT NULL,
  `Weight` int NOT NULL,
  `Vaccines` tinytext,
  `Neuter_Status` enum('Neutered','Spayed','Unneutered','Pregnant') DEFAULT NULL,
  `Conditions` tinytext,
  `Treatements` tinytext,
  PRIMARY KEY (`ID`),
  KEY `Animal_ID` (`Animal_ID`),
  KEY `Inspector` (`Inspector`),
  CONSTRAINT `health_report_ibfk_1` FOREIGN KEY (`Animal_ID`) REFERENCES `animal` (`ID`),
  CONSTRAINT `health_report_ibfk_2` FOREIGN KEY (`Inspector`) REFERENCES `employee` (`ID`)
) ENGINE=InnoDB DEFAULT CHARSET=utf8mb4 COLLATE=utf8mb4_0900_ai_ci;
/*!40101 SET character_set_client = @saved_cs_client */;

--
-- Dumping data for table `health_report`
--

LOCK TABLES `health_report` WRITE;
/*!40000 ALTER TABLE `health_report` DISABLE KEYS */;
INSERT INTO `health_report` VALUES (80010,'2022-06-05',3,900010,8336848,'F',5,'FHV-1, FCV, FPV','Unneutered','',''),(80011,'2023-01-11',29,900012,383272,'M',12,'FHV-1, FCV, FPV','Unneutered','',''),(80012,'2022-10-06',29,900014,1727384,'F',10,'FHV-1, FCV, FPV','Spayed','Fleas','Afloxolaner'),(80013,'2022-06-23',29,900016,7599320,'M',38,'CDV, CAV-2, CPV,CPiV, Bordetella bronchiseptica','Neutered','',''),(80014,'2022-10-28',29,900018,6070520,'F',78,'CDV, CAV-2, CPV,CPiV, Bordetella bronchiseptica','Spayed','Fleas','Afloxolaner'),(80015,'2022-09-01',3,900020,7756625,'M',51,'CDV, CAV-2, CPV,CPiV, Bordetella bronchiseptica','Unneutered','',''),(80016,'2022-05-01',3,900022,789679,'M',19,'CDV, CAV-2, CPV,CPiV, Bordetella bronchiseptica','Neutered','',''),(80017,'2022-03-01',3,900024,7732193,'F',10,'CDV, CAV-2, CPV,CPiV, Bordetella bronchiseptica','Unneutered','',''),(80018,'2022-02-18',3,900026,3127899,'M',38,'CDV, CAV-2, CPV,CPiV, Bordetella bronchiseptica','Neutered','',''),(80019,'2022-11-01',3,900028,8665771,'M',65,'CDV, CAV-2, CPV,CPiV, Bordetella bronchiseptica','Unneutered','Ringworm','Antifungal'),(80020,'2022-02-13',3,900030,7476372,'M',19,'CDV, CAV-2, CPV,CPiV, Bordetella bronchiseptica','Unneutered','',''),(80021,'2022-01-15',3,900032,5866670,'F',52,'CDV, CAV-2, CPV,CPiV, Bordetella bronchiseptica','Spayed','',''),(80022,'2022-06-04',3,900034,5666672,'M',19,'CDV, CAV-2, CPV,CPiV, Bordetella bronchiseptica','Unneutered','',''),(80023,'2022-12-14',3,900036,9317446,'M',14,'FHV-1, FCV, FPV','Unneutered','',''),(80024,'2022-07-09',3,900038,2591,'F',9,'FHV-1, FCV, FPV','Spayed','Fleas','Afloxolaner'),(80025,'2022-12-30',3,900040,4526417,'F',52,'CDV, CAV-2, CPV,CPiV, Bordetella bronchiseptica','Unneutered','',''),(80026,'2022-03-29',3,900042,921203,'M',22,'CDV, CAV-2, CPV,CPiV, Bordetella bronchiseptica','Unneutered','Parvo 2','Liquids,Electros, Antibodies'),(80027,'2022-03-10',3,900044,2016820,'F',10,'FHV-1, FCV, FPV','Unneutered','',''),(80028,'2022-12-08',3,900046,7499219,'M',13,'FHV-1, FCV, FPV','Unneutered','',''),(80029,'2022-11-26',29,900048,9377751,'F',17,'CDV, CAV-2, CPV,CPiV, Bordetella bronchiseptica','Unneutered','',''),(80030,'2022-02-09',3,900050,5035675,'M',72,'CDV, CAV-2, CPV, Bordetella bronchiseptica','Unneutered','Fleas','Afloxolaner'),(80031,'2022-12-01',29,900052,101237,'F',6,'FHV-1, FCV, FPV','Unneutered','Fleas, Cancer',''),(80032,'2022-05-14',3,900054,292943,'F',8,'FHV-1, FCV, FPV','Pregnant','',''),(80033,'2022-04-20',3,900056,574940,'F',8,'FHV-1, FCV, FPV','Unneutered','',''),(80034,'2022-04-23',3,900058,5503920,'M',15,'FHV-1, FCV, FPV','Unneutered','Fleas','Afloxolaner'),(80035,'2022-11-02',29,900060,74394,'M',16,'CDV, CAV-2, CPV,CPiV, Bordetella bronchiseptica','Unneutered','',''),(80036,'2022-12-11',3,900062,2425143,'F',49,'CDV, CAV-2, CPV,CPiV, Bordetella bronchiseptica','Spayed','Fleas, Ringworm','Afoxolaner, Antifungal'),(80037,'2022-06-10',29,900064,368639,'M',20,'CDV, CAV-2, CPV,CPiV, Bordetella bronchiseptica','Unneutered','Heartworm','Melarsomine'),(80038,'2022-03-11',3,900066,5101687,'F',43,'CDV, CAV-2, CPV,CPiV, Bordetella bronchiseptica','Unneutered','',''),(80039,'2022-04-04',3,900068,8026916,'F',16,'CDV, CAV-2, CPV,CPiV, Bordetella bronchiseptica','Unneutered','',''),(80040,'2022-12-10',29,900070,39764,'F',71,'CDV, CAV-2, CPV,CPiV, Bordetella bronchiseptica','Unneutered','',''),(80041,'2022-10-09',3,900072,705055,'F',8,'CDV, CAV-2, CPV,CPiV, Bordetella bronchiseptica','Unneutered','',''),(80042,'2022-03-16',3,900074,8502838,'F',18,'CDV, CAV-2, CPV,CPiV, Bordetella bronchiseptica','Spayed','Fleas','Afloxolaner'),(80043,'2022-01-11',3,900076,156299,'M',5,'FHV-1, FCV, FPV','Neutered','',''),(80044,'2022-06-29',29,900078,2133673,'M',13,'FHV-1, FCV, FPV','Unneutered','',''),(80045,'2022-11-07',29,900080,1878743,'M',10,'FHV-1, FCV, FPV','Unneutered','',''),(80046,'2022-09-06',29,900082,8476754,'F',37,'CDV, CAV-2, CPV,CPiV, Bordetella bronchiseptica','Spayed','',''),(80047,'2022-05-13',29,900084,5461287,'F',21,'CDV, CAV-2, CPV,CPiV, Bordetella bronchiseptica','Unneutered','Ringworm, Heartworm','Antifungal, Melarsomine'),(80048,'2022-04-06',3,900086,8422332,'M',6,'CDV, CAV-2, CPV,CPiV, Bordetella bronchiseptica','Neutered','Ringworm','Antifungal'),(80049,'2022-03-22',3,900088,330699,'M',79,'CDV, CAV-2, CPV,CPiV, Bordetella bronchiseptica','Unneutered','',''),(80050,'2022-03-02',3,900090,1830313,'M',48,'CDV, CAV-2, CPV,CPiV, Bordetella bronchiseptica','Unneutered','',''),(80051,'2022-11-10',3,900092,5141619,'F',415,'','Unneutered','',''),(80052,'2022-07-19',3,900094,6869321,'M',20,'CDV, CAV-2, CPV,CPiV, Bordetella bronchiseptica','Unneutered','',''),(80053,'2022-03-31',3,900096,8547971,'M',576,'','Unneutered','',''),(80054,'2022-06-24',3,900098,3276726,'F',721,'','Unneutered','',''),(80055,'2022-10-17',3,900100,9553699,'M',67,'CDV, CAV-2, CPV,CPiV, Bordetella bronchiseptica','Unneutered','',''),(80056,'2022-07-08',3,900102,415677,'F',19,'CDV, CAV-2, CPV,CPiV, Bordetella bronchiseptica','Unneutered','',''),(80057,'2023-02-10',29,900104,827606,'F',11,'FHV-1, FCV, FPV','Unneutered','',''),(80058,'2022-08-01',3,900106,1611378,'M',11,'FHV-1, FCV, FPV','Unneutered','Fleas','Afloxolaner'),(80059,'2022-12-04',29,900108,1892259,'M',70,'CDV, CAV-2, CPV,CPiV, Bordetella bronchiseptica','Neutered','',''),(80060,'2022-12-20',29,900110,7188759,'M',26,'CDV, CAV-2, CPV,CPiV, Bordetella bronchiseptica','Unneutered','Fleas, Ticks, Heartworm','Afoxolaner, Melarsomine'),(80061,'2023-01-26',29,900112,104853,'M',914,'','Unneutered','',''),(80062,'2023-01-16',3,900114,2502933,'F',55,'CDV, CAV-2, CPV,CPiV, Bordetella bronchiseptica','Spayed','',''),(80063,'2022-01-27',3,900116,2988593,'M',35,'CDV, CAV-2, CPV,CPiV, Bordetella bronchiseptica','Neutered','Fleas','Afloxolaner'),(80064,'2022-01-02',3,900118,719126,'F',7,'FHV-1, FCV, FPV','Spayed','',''),(80065,'2022-06-01',3,900120,8422445,'F',5,'FHV-1, FCV, FPV','Pregnant','',''),(80066,'2022-01-05',3,900122,9352521,'F',513,'Parvovirus (CPV)','Spayed','',''),(80067,'2022-08-13',29,900124,8491154,'M',63,'CDV, CAV-2, CPV,CPiV, Bordetella bronchiseptica','Unneutered','',''),(80068,'2022-02-20',3,900126,6936870,'F',55,'CDV, CAV-2, CPV,CPiV, Bordetella bronchiseptica','Spayed','',''),(80069,'2022-02-27',3,900128,9513773,'M',7,'FHV-1, FCV, FPV','Unneutered','',''),(80070,'2023-02-12',29,900130,3245192,'M',7,'FHV-1, FCV, FPV','Neutered','',''),(80071,'2022-09-15',29,900132,86290,'M',5,'FHV-1, FCV, FPV','Neutered','Heartworm','Melarsomine'),(80072,'2022-03-15',3,900134,9112439,'M',79,'CDV, CAV-2, CPV,CPiV, Bordetella bronchiseptica','Unneutered','',''),(80073,'2022-08-05',3,900136,4947307,'M',47,'CDV, CAV-2, CPV,CPiV, Bordetella bronchiseptica','Unneutered','Fleas','Afloxolaner'),(80074,'2022-08-16',29,900138,55148,'F',80,'CDV, CAV-2, CPV,CPiV, Bordetella bronchiseptica','Pregnant','Fleas, Ticks','Afoxolaner'),(80075,'2023-01-10',29,900140,1084725,'M',34,'CDV, CAV-2, CPV,CPiV, Bordetella bronchiseptica','Unneutered','',''),(80076,'2023-01-28',29,900142,7728341,'F',11,'FHV-1, FCV, FPV','Unneutered','',''),(80077,'2022-02-04',3,900144,2722592,'M',15,'FHV-1, FCV, FPV','Unneutered','',''),(80078,'2022-09-20',29,900146,6618609,'M',10,'FHV-1, FCV, FPV','Neutered','',''),(80079,'2022-01-31',3,900148,1130064,'M',9,'FHV-1, FCV, FPV','Neutered','Heartworm','Melarsomine'),(80080,'2022-10-12',3,900150,4391030,'M',15,'FHV-1, FCV, FPV','Unneutered','',''),(80081,'2022-10-10',3,900152,2323,'M',7,'FHV-1, FCV, FPV','Neutered','Fleas, Ringworm','Afoxolaner, Antifungal'),(80082,'2022-07-25',29,900154,6533249,'M',9,'FHV-1, FCV, FPV','Unneutered','',''),(80083,'2022-08-04',3,900156,4694785,'F',9,'FHV-1, FCV, FPV','Unneutered','',''),(80084,'2022-08-14',29,900158,4055674,'F',15,'FHV-1, FCV, FPV','Unneutered','',''),(80085,'2022-02-07',3,900160,839267,'F',11,'FHV-1, FCV, FPV','Unneutered','',''),(80086,'2022-04-17',3,900162,3147965,'M',9,'FHV-1, FCV, FPV','Neutered','Heartworm','Melarsomine'),(80087,'2022-09-05',3,900164,3678487,'M',6,'FHV-1, FCV, FPV','Unneutered','',''),(80088,'2022-08-03',29,900166,288316,'M',11,'FHV-1, FCV, FPV','Unneutered','',''),(80089,'2022-09-22',3,900168,3599663,'M',12,'FHV-1, FCV, FPV','Neutered','Fleas, Cancer',''),(80090,'2022-11-24',29,900170,9533720,'F',12,'FHV-1, FCV, FPV','Unneutered','',''),(80091,'2022-08-31',3,900172,879958,'M',17,'CDV, CAV-2, CPV,CPiV, Bordetella bronchiseptica','Unneutered','',''),(80092,'2022-07-12',29,900174,656350,'M',47,'CDV, CAV-2, CPV,CPiV, Bordetella bronchiseptica','Neutered','',''),(80093,'2022-10-03',29,900176,5490889,'M',27,'CDV, CAV-2, CPV,CPiV, Bordetella bronchiseptica','Neutered','Parvo 2','Liquids,Electros, Antibodies'),(80094,'2022-06-25',3,900178,807552,'F',686,'','Spayed','',''),(80095,'2022-11-28',29,900180,985132,'M',10,'CDV, CAV-2, CPV,CPiV, Bordetella bronchiseptica','Neutered','Heartworm','Melarsomine'),(80096,'2022-04-27',3,900182,6419644,'F',20,'CDV, CAV-2, CPV,CPiV, Bordetella bronchiseptica','Unneutered','Fleas, Ticks','Afoxolaner'),(80097,'2022-03-18',3,900184,3995286,'F',80,'CDV, CAV-2, CPV,CPiV, Bordetella bronchiseptica','Unneutered','Fleas','Afloxolaner'),(80098,'2022-02-19',3,900186,9382449,'F',45,'CDV, CAV-2, CPV, Bordetella bronchiseptica','Unneutered','',''),(80099,'2022-11-18',3,900188,8920295,'F',35,'CDV, CAV-2, CPV,CPiV, Bordetella bronchiseptica','Spayed','Heartworm','Melarsomine'),(80100,'2022-07-20',3,900190,5261055,'M',8,'FHV-1, FCV, FPV','Unneutered','Cancer',''),(80101,'2022-01-13',3,900192,7598542,'M',10,'FHV-1, FCV, FPV','Neutered','',''),(80102,'2022-10-25',3,900194,8687067,'M',28,'','Unneutered','',''),(80103,'2022-06-03',3,900196,6031369,'M',78,'CDV, CAV-2, CPV,CPiV, Bordetella bronchiseptica','Unneutered','',''),(80104,'2022-12-24',3,900198,6035502,'F',53,'CDV, CAV-2, CPV,CPiV, Bordetella bronchiseptica','Unneutered','Fleas, Ringworm','Afoxolaner, Antifungal'),(80105,'2022-05-24',3,900200,8772032,'F',38,'CDV, CAV-2, CPV,CPiV, Bordetella bronchiseptica','Spayed','',''),(80106,'2022-02-23',3,900202,362643,'F',68,'CDV, CAV-2, CPV,CPiV, Bordetella bronchiseptica','Unneutered','',''),(80107,'2022-09-17',29,900204,3197546,'F',77,'CDV, CAV-2, CPV,CPiV, Bordetella bronchiseptica','Unneutered','',''),(80108,'2022-12-07',29,900206,1410237,'M',603,'','Neutered','',''),(80109,'2022-01-23',3,900208,1366009,'M',33,'CDV, CAV-2, CPV,CPiV, Bordetella bronchiseptica','Unneutered','Fleas, Ticks','Afoxolaner'),(80110,'2022-08-11',29,900210,8868912,'F',73,'CDV, CAV-2, CPV,CPiV, Bordetella bronchiseptica','Spayed','Heartworm','Melarsomine'),(80111,'2022-04-13',3,900212,2698395,'M',17,'CDV, CAV-2, CPV,CPiV, Bordetella bronchiseptica','Unneutered','',''),(80112,'2023-02-07',3,900214,6730475,'M',69,'CDV, CAV-2, CPV,CPiV, Bordetella bronchiseptica','Unneutered','',''),(80113,'2022-02-02',3,900216,4228417,'M',14,'CDV, CAV-2, CPV,CPiV, Bordetella bronchiseptica','Neutered','',''),(80114,'2022-08-25',29,900218,6871787,'F',597,'','Unneutered','',''),(80115,'2022-02-04',3,900220,57721,'M',75,'CDV, CAV-2, CPV,CPiV, Bordetella bronchiseptica','Unneutered','Fleas','Afloxolaner'),(80116,'2022-09-09',3,900222,285533,'F',78,'CDV, CAV-2, CPV,CPiV, Bordetella bronchiseptica','Unneutered','',''),(80117,'2023-02-21',3,900224,7745270,'M',73,'CDV, CAV-2, CPV,CPiV, Bordetella bronchiseptica','Unneutered','',''),(80118,'2023-01-16',29,900226,7055055,'F',11,'FHV-1, FCV, FPV','Unneutered','',''),(80119,'2022-08-19',29,900228,7136604,'M',7,'FHV-1, FCV, FPV','Unneutered','Fleas','Afloxolaner'),(80120,'2022-07-15',29,900230,985603,'M',10,'FHV-1, FCV, FPV','Unneutered','',''),(80121,'2022-02-14',3,900232,5082983,'F',11,'FHV-1, FCV, FPV','Unneutered','',''),(80122,'2022-11-17',29,900234,8885548,'M',5,'FHV-1, FCV, FPV','Unneutered','Fleas','Afloxolaner'),(80123,'2023-01-01',29,900236,1117182,'F',7,'CDV, CAV-2, CPV,CPiV, Bordetella bronchiseptica','Spayed','',''),(80124,'2022-05-07',3,900238,2265582,'M',320,'','Unneutered','',''),(80125,'2022-04-14',3,900240,3725383,'M',53,'CDV, CAV-2, CPV,CPiV, Bordetella bronchiseptica','Neutered','',''),(80126,'2022-09-14',3,900242,1757,'F',26,'CDV, CAV-2, CPV,CPiV, Bordetella bronchiseptica','Unneutered','Fleas','Afloxolaner'),(80127,'2022-10-01',29,900244,6598056,'M',32,'CDV, CAV-2, CPV,CPiV, Bordetella bronchiseptica','Neutered','Parvo 2','Liquids,Electros, Antibodies'),(80128,'2022-03-13',3,900246,4008051,'M',48,'CDV, CAV-2, CPV,CPiV, Bordetella bronchiseptica','Unneutered','',''),(80129,'2022-03-31',3,900248,424470,'F',75,'CDV, CAV-2, CPV,CPiV, Bordetella bronchiseptica','Unneutered','',''),(80130,'2022-11-01',3,900250,9633279,'F',12,'FHV-1, FCV, FPV','Spayed','',''),(80131,'2022-12-12',3,900252,1383819,'F',49,'CDV, CAV-2, CPV,CPiV, Bordetella bronchiseptica','Unneutered','',''),(80132,'2022-04-11',3,900254,4546089,'F',48,'CDV, CAV-2, CPV,CPiV, Bordetella bronchiseptica','Spayed','',''),(80133,'2022-11-27',29,900256,2325071,'F',224,'','Spayed','',''),(80134,'2023-02-28',3,900258,5357200,'F',19,'CDV, CAV-2, CPV,CPiV, Bordetella bronchiseptica','Spayed','Fleas, Ringworm','Afoxolaner, Antifungal'),(80135,'2023-01-09',29,900260,86704,'M',74,'CDV, CAV-2, CPV,CPiV, Bordetella bronchiseptica','Neutered','',''),(80136,'2022-05-08',3,900262,9010566,'F',8,'FHV-1, FCV, FPV','Unneutered','',''),(80137,'2022-09-03',3,900264,8829544,'F',10,'FHV-1, FCV, FPV','Spayed','Fleas','Afloxolaner'),(80138,'2022-07-13',29,900266,9852277,'M',14,'FHV-1, FCV, FPV','Neutered','Heartworm','Melarsomine'),(80139,'2023-03-01',3,900268,9756264,'M',14,'CDV, CAV-2, CPV,CPiV, Bordetella bronchiseptica','Neutered','',''),(80140,'2022-02-20',3,900270,6337656,'F',921,'','Unneutered','',''),(80141,'2022-08-14',29,900272,8199359,'M',2,'CDV, CAV-2, CPV,CPiV, Bordetella bronchiseptica','Unneutered','Scabies','Permethrin Cream'),(80142,'2022-05-09',29,900274,1127312,'F',10,'FHV-1, FCV, FPV','Unneutered','',''),(80143,'2022-02-11',3,900276,4705462,'F',7,'FHV-1, FCV, FPV','Spayed','Fleas, Ringworm','Afoxolaner, Antifungal'),(80144,'2022-06-18',3,900278,46334,'F',15,'FHV-1, FCV, FPV','Unneutered','Fleas','Afloxolaner'),(80145,'2022-04-15',3,900280,8507731,'M',16,'CDV, CAV-2, CPV,CPiV, Bordetella bronchiseptica','Neutered','',''),(80146,'2022-07-09',3,900282,5896100,'M',5,'CDV, CAV-2, CPV,CPiV, Bordetella bronchiseptica','Unneutered','Fleas, Heartworm',''),(80147,'2023-02-14',29,900284,5918574,'F',5,'','Unneutered','',''),(80148,'2022-01-13',3,900286,7282254,'M',5,'CDV, CAV-2, CPV,CPiV, Bordetella bronchiseptica','Neutered','',''),(80149,'2022-08-08',3,900288,4536051,'F',8,'FHV-1, FCV, FPV','Unneutered','',''),(80150,'2022-08-24',3,900290,7138090,'M',13,'','Unneutered','',''),(80151,'2022-11-21',3,900292,8237931,'M',8,'FHV-1, FCV, FPV','Unneutered','',''),(80152,'2022-10-20',3,900294,60268,'F',7,'CDV, CAV-2, CPV,CPiV, Bordetella bronchiseptica','Spayed','',''),(80153,'2022-03-02',3,900296,5485371,'F',60,'CDV, CAV-2, CPV,CPiV, Bordetella bronchiseptica','Unneutered','',''),(80154,'2023-02-24',29,900298,7241655,'F',22,'CDV, CAV-2, CPV,CPiV, Bordetella bronchiseptica','Spayed','',''),(80155,'2023-01-07',3,900300,479123,'F',16,'CDV, CAV-2, CPV,CPiV, Bordetella bronchiseptica','Spayed','',''),(80156,'2022-01-21',3,900302,8794418,'F',690,'','Unneutered','',''),(80157,'2022-06-11',3,900304,9148528,'F',748,'','Unneutered','',''),(80158,'2022-12-05',29,900306,6886989,'F',515,'','Spayed','',''),(80159,'2022-05-22',3,900308,240745,'F',7,'CDV, CAV-2, CPV,CPiV, Bordetella bronchiseptica','Unneutered','',''),(80160,'2022-04-08',3,900310,5549041,'F',15,'FHV-1, FCV, FPV','Unneutered','',''),(80161,'2022-11-30',29,900312,225746,'F',66,'CDV, CAV-2, CPV,CPiV, Bordetella bronchiseptica','Spayed','Fleas, Heartworm',''),(80162,'2022-03-28',3,900314,6590329,'F',37,'CDV, CAV-2, CPV,CPiV, Bordetella bronchiseptica','Unneutered','',''),(80163,'2022-10-29',3,900316,6928196,'F',8,'FHV-1, FCV, FPV','Pregnant','Fleas','Afloxolaner'),(80164,'2023-02-19',29,900318,4293074,'M',13,'FHV-1, FCV, FPV','Neutered','Toxoplasmosis','clindamycin'),(80165,'2022-03-26',3,900320,9050406,'F',12,'CDV, CAV-2, CPV,CPiV, Bordetella bronchiseptica','Unneutered','',''),(80166,'2022-03-30',3,900322,759939,'M',10,'FHV-1, FCV, FPV','Unneutered','',''),(80167,'2022-02-19',3,900324,341701,'M',15,'FHV-1, FCV, FPV','Unneutered','',''),(80168,'2022-10-17',29,900326,3924911,'F',39,'CDV, CAV-2, CPV,CPiV, Bordetella bronchiseptica','Spayed','',''),(80169,'2022-12-31',29,900328,8087570,'M',65,'CDV, CAV-2, CPV,CPiV, Bordetella bronchiseptica','Unneutered','',''),(80170,'2023-02-01',3,900330,958952,'M',11,'CDV, CAV-2, CPV,CPiV, Bordetella bronchiseptica','Unneutered','',''),(80171,'2022-01-31',3,900332,9529863,'M',55,'CDV, CAV-2, CPV,CPiV, Bordetella bronchiseptica','Unneutered','Fleas, Ringworm, Scabies','Afoxolaner, Antifungal, Permethrin Cream'),(80172,'2022-07-30',3,900334,8256261,'F',7,'FHV-1, FCV, FPV','Unneutered','',''),(80173,'2022-11-12',29,900336,5462842,'M',14,'CDV, CAV-2, CPV,CPiV, Bordetella bronchiseptica','Unneutered','Fleas, Ringworm','Afoxolaner, Antifungal'),(80174,'2022-10-12',3,900338,3927646,'F',52,'CDV, CAV-2, CPV,CPiV, Bordetella bronchiseptica','Spayed','',''),(80175,'2022-12-21',3,900340,515985,'M',58,'CDV, CAV-2, CPV,CPiV, Bordetella bronchiseptica','Unneutered','',''),(80176,'2023-02-16',29,900342,4817279,'F',16,'CDV, CAV-2, CPV,CPiV, Bordetella bronchiseptica','Unneutered','',''),(80177,'2022-02-08',3,900344,9791633,'M',9,'FHV-1, FCV, FPV','Unneutered','',''),(80178,'2022-02-23',3,900346,6705058,'F',18,'CDV, CAV-2, CPV,CPiV, Bordetella bronchiseptica','Spayed','',''),(80179,'2022-05-15',29,900348,6697135,'M',13,'FHV-1, FCV, FPV','Neutered','',''),(80180,'2022-07-21',3,900350,264601,'M',15,'FHV-1, FCV, FPV','Unneutered','',''),(80181,'2022-10-06',3,900352,6676944,'F',13,'FHV-1, FCV, FPV','Unneutered','',''),(80182,'2022-03-18',3,900354,2574115,'M',15,'FHV-1, FCV, FPV','Unneutered','Fleas','Afloxolaner'),(80183,'2022-01-18',3,900356,9968375,'M',21,'CDV, CAV-2, CPV,CPiV, Bordetella bronchiseptica','Unneutered','',''),(80184,'2022-06-13',3,900358,856672,'M',41,'CDV, CAV-2, CPV,CPiV, Bordetella bronchiseptica','Unneutered','',''),(80185,'2023-01-24',29,900360,6001579,'F',60,'CDV, CAV-2, CPV,CPiV, Bordetella bronchiseptica','Unneutered','',''),(80186,'2022-08-09',29,900362,7856519,'F',55,'CDV, CAV-2, CPV,CPiV, Bordetella bronchiseptica','Spayed','',''),(80187,'2022-04-05',3,900364,7091946,'F',11,'CDV, CAV-2, CPV,CPiV, Bordetella bronchiseptica','Unneutered','',''),(80188,'2022-02-17',3,900366,391586,'F',20,'CDV, CAV-2, CPV,CPiV, Bordetella bronchiseptica','Unneutered','',''),(80189,'2022-03-29',3,900368,503262,'F',2,'CDV, CAV-2, CPV,CPiV, Bordetella bronchiseptica','Unneutered','Fleas, Ticks, Scabies','Afloxolaner, Permethrin Cream'),(80190,'2022-10-25',29,900370,1027993,'M',14,'FHV-1, FCV, FPV','Neutered','',''),(80191,'2022-12-13',29,900372,9468418,'F',16,'CDV, CAV-2, CPV,CPiV, Bordetella bronchiseptica','Spayed','',''),(80192,'2022-02-25',3,900374,2183426,'F',57,'CDV, CAV-2, CPV,CPiV, Bordetella bronchiseptica','Unneutered','',''),(80193,'2023-02-11',29,900376,2830919,'M',8,'FHV-1, FCV, FPV','Neutered','',''),(80194,'2022-08-18',29,900378,3571295,'M',11,'FHV-1, FCV, FPV','Unneutered','',''),(80195,'2022-12-11',29,900380,4128701,'M',11,'FHV-1, FCV, FPV','Unneutered','',''),(80196,'2023-01-03',29,900382,4999212,'M',14,'FHV-1, FCV, FPV','Unneutered','',''),(80197,'2022-02-07',3,900384,5386537,'M',10,'','Neutered','',''),(80198,'2022-09-06',29,900386,238511,'F',47,'CDV, CAV-2, CPV,CPiV, Bordetella bronchiseptica','Unneutered','',''),(80199,'2022-07-19',29,900388,1363887,'F',18,'CDV, CAV-2, CPV,CPiV, Bordetella bronchiseptica','Unneutered','',''),(80200,'2023-01-14',3,900390,656249,'F',10,'CDV, CAV-2, CPV,CPiV, Bordetella bronchiseptica','Unneutered','',''),(80201,'2022-06-29',29,900392,290073,'M',4,'CDV, CAV-2, CPV,CPiV, Bordetella bronchiseptica','Unneutered','',''),(80202,'2022-12-23',29,900394,9130985,'F',6,'FHV-1, FCV, FPV','Spayed','',''),(80203,'2023-01-13',3,900396,6358855,'M',46,'CDV, CAV-2, CPV,CPiV, Bordetella bronchiseptica','Unneutered','',''),(80204,'2022-08-22',3,900398,5287879,'M',37,'CDV, CAV-2, CPV,CPiV, Bordetella bronchiseptica','Unneutered','',''),(80205,'2022-10-28',29,900400,3241165,'M',29,'CDV, CAV-2, CPV,CPiV, Bordetella bronchiseptica','Unneutered','',''),(80206,'2022-09-05',29,900402,6029197,'F',7,'FHV-1, FCV, FPV','Unneutered','',''),(80207,'2022-04-24',3,900404,1744231,'M',7,'FHV-1, FCV, FPV','Neutered','Toxoplasmosis','clindamycin'),(80208,'2022-06-17',29,900406,5449351,'M',6,'FHV-1, FCV, FPV','Unneutered','',''),(80209,'2022-04-25',3,900408,444934,'M',13,'FHV-1, FCV, FPV','Neutered','',''),(80210,'2022-05-08',3,900410,788273,'F',10,'FHV-1, FCV, FPV','Unneutered','Cancer',''),(80211,'2022-05-17',29,900412,773539,'F',6,'FHV-1, FCV, FPV','Unneutered','',''),(80212,'2023-01-19',3,900414,907481,'M',2,'CDV, CAV-2, CPV,CPiV, Bordetella bronchiseptica','Unneutered','Fleas, Ringworm','Afoxolaner, Antifungal'),(80213,'2022-12-25',29,900416,9754302,'M',7,'CDV, CAV-2, CPV,CPiV, Bordetella bronchiseptica','Neutered','',''),(80214,'2022-04-24',3,900418,4100565,'M',7,'CDV, CAV-2, CPV,CPiV, Bordetella bronchiseptica','Neutered','',''),(80215,'2023-02-02',3,900420,6409800,'M',12,'CDV, CAV-2, CPV,CPiV, Bordetella bronchiseptica','Unneutered','',''),(80216,'2022-09-27',3,900422,7213859,'F',6,'FHV-1, FCV, FPV','Unneutered','',''),(80217,'2023-02-08',3,900424,5254795,'F',28,'CDV, CAV-2, CPV,CPiV, Bordetella bronchiseptica','Pregnant','Scabies','Permethrin Cream'),(80218,'2022-02-17',3,900426,5308732,'F',43,'','Spayed','Fleas, Ticks','Afoxolaner'),(80219,'2022-05-03',3,900428,1029016,'M',5,'FHV-1, FCV, FPV','Unneutered','',''),(80220,'2022-06-23',3,900430,9430965,'M',12,'FHV-1, FCV, FPV','Unneutered','',''),(80221,'2023-02-11',29,900432,4034050,'M',66,'CDV, CAV-2, CPV,CPiV, Bordetella bronchiseptica','Neutered','Fleas','Afloxolaner'),(80222,'2023-02-27',29,900434,6667888,'F',31,'','Unneutered','',''),(80223,'2022-03-26',3,900436,7870428,'F',39,'CDV, CAV-2, CPV,CPiV, Bordetella bronchiseptica','Spayed','',''),(80224,'2022-06-08',29,900438,3547996,'F',62,'CDV, CAV-2, CPV,CPiV, Bordetella bronchiseptica','Spayed','',''),(80225,'2022-12-19',29,900440,5661872,'F',28,'CDV, CAV-2, CPV,CPiV, Bordetella bronchiseptica','Unneutered','',''),(80226,'2022-01-03',3,900442,7151562,'M',31,'CDV, CAV-2, CPV,CPiV, Bordetella bronchiseptica','Neutered','',''),(80227,'2022-08-27',29,900444,6391991,'F',246,'','Unneutered','',''),(80228,'2022-09-25',3,900446,2543015,'F',6,'FHV-1, FCV, FPV','Spayed','Fleas','Afloxolaner'),(80229,'2022-03-22',3,900448,4309693,'F',12,'FHV-1, FCV, FPV','Unneutered','',''),(80230,'2023-01-29',29,900450,244337,'M',15,'FHV-1, FCV, FPV','Unneutered','',''),(80231,'2022-06-09',29,900452,336939,'M',13,'FHV-1, FCV, FPV','Unneutered','',''),(80232,'2022-03-02',3,900454,5638884,'F',5,'FHV-1, FCV, FPV','Unneutered','',''),(80233,'2022-12-05',3,900456,7015934,'M',9,'FHV-1, FCV, FPV','Neutered','',''),(80234,'2023-01-01',29,900458,986676,'F',13,'FHV-1, FCV, FPV','Unneutered','',''),(80235,'2022-01-10',3,900460,9101429,'M',14,'FHV-1, FCV, FPV','Unneutered','',''),(80236,'2023-02-13',29,900462,3366664,'M',14,'FHV-1, FCV, FPV','Neutered','Fleas, Ringworm','Afoxolaner, Antifungal'),(80237,'2022-08-17',29,900464,7377849,'F',11,'FHV-1, FCV, FPV','Unneutered','',''),(80238,'2022-06-05',3,900466,5313425,'F',23,'','Unneutered','',''),(80239,'2022-09-01',3,900468,2144248,'F',689,'','Unneutered','',''),(80240,'2022-08-19',29,900470,8939807,'F',55,'CDV, CAV-2, CPV,CPiV, Bordetella bronchiseptica','Unneutered','',''),(80241,'2022-02-16',3,900472,1267638,'M',60,'','Neutered','Fleas, Ticks, Heartworm','Afoxolaner, Melarsomine'),(80242,'2022-01-12',3,900474,8420427,'M',42,'CDV, CAV-2, CPV,CPiV, Bordetella bronchiseptica','Unneutered','Fleas','Afloxolaner'),(80243,'2022-09-14',29,900476,5095117,'F',14,'FHV-1, FCV, FPV','Spayed','',''),(80244,'2022-04-02',3,900478,3814959,'M',15,'FHV-1, FCV, FPV','Neutered','',''),(80245,'2023-02-20',3,900480,2862845,'M',7,'FHV-1, FCV, FPV','Unneutered','',''),(80246,'2022-02-15',3,900482,875381,'M',11,'FHV-1, FCV, FPV','Unneutered','',''),(80247,'2022-10-18',29,900484,8586539,'F',6,'FHV-1, FCV, FPV','Spayed','',''),(80248,'2022-10-11',3,900486,9778034,'M',18,'CDV, CAV-2, CPV,CPiV, Bordetella bronchiseptica','Unneutered','',''),(80249,'2023-02-23',29,900488,4757940,'M',18,'CDV, CAV-2, CPV,CPiV, Bordetella bronchiseptica','Unneutered','',''),(80250,'2022-07-08',3,900490,7340652,'M',9,'CDV, CAV-2, CPV,CPiV, Bordetella bronchiseptica','Unneutered','',''),(80251,'2022-07-19',29,900492,6611583,'F',8,'FHV-1, FCV, FPV','Unneutered','Fleas','Afloxolaner'),(80252,'2023-01-05',3,900494,6685311,'M',8,'','Neutered','Fleas, Scabies','Afoxolaner, Permethrin Cream'),(80253,'2022-07-14',29,900496,9443393,'M',2,'CDV, CAV-2, CPV,CPiV, Bordetella bronchiseptica','Unneutered','',''),(80254,'2022-10-17',29,900498,200568,'M',12,'CDV, CAV-2, CPV,CPiV, Bordetella bronchiseptica','Unneutered','',''),(80255,'2023-02-18',29,900500,2822498,'F',62,'','Unneutered','',''),(80256,'2023-02-25',29,900502,4111783,'F',71,'CDV, CAV-2, CPV,CPiV, Bordetella bronchiseptica','Unneutered','Fleas, Ringworm','Afoxolaner, Antifungal'),(80257,'2022-12-28',3,900504,800819,'F',8,'FHV-1, FCV, FPV','Spayed','',''),(80258,'2022-12-13',29,900506,6456682,'F',5,'FHV-1, FCV, FPV','Unneutered','',''),(80259,'2022-01-07',3,900508,4179916,'F',2,'CDV, CAV-2, CPV,CPiV, Bordetella bronchiseptica','Unneutered','',''),(80260,'2022-07-28',29,900510,9100164,'M',39,'CDV, CAV-2, CPV,CPiV, Bordetella bronchiseptica','Unneutered','',''),(80261,'2022-09-03',29,900512,666510,'M',19,'CDV, CAV-2, CPV,CPiV, Bordetella bronchiseptica','Unneutered','Fleas','Afloxolaner'),(80262,'2022-02-18',3,900514,8675613,'F',9,'FHV-1, FCV, FPV','Unneutered','',''),(80263,'2022-07-24',29,900516,3760412,'F',12,'FHV-1, FCV, FPV','Spayed','Fleas','Afloxolaner'),(80264,'2023-02-28',3,900518,4569640,'F',9,'FHV-1, FCV, FPV','Unneutered','',''),(80265,'2022-08-29',29,900520,3959080,'M',2,'CDV, CAV-2, CPV,CPiV, Bordetella bronchiseptica','Unneutered','',''),(80266,'2022-12-01',3,900522,7222831,'M',60,'CDV, CAV-2, CPV,CPiV, Bordetella bronchiseptica','Neutered','',''),(80267,'2022-12-24',29,900524,3527054,'F',15,'FHV-1, FCV, FPV','Unneutered','',''),(80268,'2023-01-16',3,900526,8766817,'M',3,'CDV, CAV-2, CPV,CPiV, Bordetella bronchiseptica','Unneutered','',''),(80269,'2022-05-26',29,900528,453117,'F',10,'FHV-1, FCV, FPV','Spayed','Fleas','Afloxolaner'),(80270,'2022-01-29',3,900530,6190527,'F',8,'FHV-1, FCV, FPV','Unneutered','',''),(80271,'2022-04-25',3,900532,6222265,'F',30,'','Unneutered','',''),(80272,'2022-04-10',3,900534,6549434,'M',18,'CDV, CAV-2, CPV,CPiV, Bordetella bronchiseptica','Unneutered','Ringworm, Scabies, Heartworm','Antifungal, Permethrin Cream, Melarsomine'),(80273,'2022-02-28',3,900536,1033724,'M',78,'CDV, CAV-2, CPV,CPiV, Bordetella bronchiseptica','Unneutered','',''),(80274,'2022-07-25',3,900538,461697,'M',65,'CDV, CAV-2, CPV,CPiV, Bordetella bronchiseptica','Unneutered','',''),(80275,'2022-07-05',29,900540,993734,'M',69,'CDV, CAV-2, CPV,CPiV, Bordetella bronchiseptica','Unneutered','Fleas, Ringworm','Afoxolaner, Antifungal'),(80276,'2022-01-05',3,900542,167327,'M',66,'CDV, CAV-2, CPV,CPiV, Bordetella bronchiseptica','Unneutered','Fleas, Ticks, Scabies','Afloxolaner, Permethrin Cream'),(80277,'2022-03-27',3,900544,3576224,'F',5,'FHV-1, FCV, FPV','Unneutered','Fleas','Afloxolaner'),(80278,'2022-05-15',3,900546,7804463,'M',17,'CDV, CAV-2, CPV,CPiV, Bordetella bronchiseptica','Neutered','',''),(80279,'2022-05-01',3,900548,7054536,'M',6,'CDV, CAV-2, CPV,CPiV, Bordetella bronchiseptica','Neutered','',''),(80280,'2022-10-10',3,900550,7717480,'F',14,'FHV-1, FCV, FPV','Spayed','',''),(80281,'2023-01-22',3,900552,993579,'F',7,'FHV-1, FCV, FPV','Pregnant','',''),(80282,'2022-04-06',3,900554,813162,'F',6,'FHV-1, FCV, FPV','Spayed','',''),(80283,'2023-01-08',3,900556,2593859,'F',9,'FHV-1, FCV, FPV','Unneutered','',''),(80284,'2022-06-21',3,900558,4217463,'M',13,'CDV, CAV-2, CPV,CPiV, Bordetella bronchiseptica','Unneutered','',''),(80285,'2022-05-28',29,900560,8151723,'F',54,'CDV, CAV-2, CPV,CPiV, Bordetella bronchiseptica','Unneutered','',''),(80286,'2022-05-18',3,900562,4583060,'F',77,'CDV, CAV-2, CPV,CPiV, Bordetella bronchiseptica','Unneutered','',''),(80287,'2022-04-26',3,900564,8154263,'F',11,'CDV, CAV-2, CPV,CPiV, Bordetella bronchiseptica','Unneutered','',''),(80288,'2022-10-07',29,900566,1287420,'F',18,'CDV, CAV-2, CPV,CPiV, Bordetella bronchiseptica','Unneutered','Fleas, Ringworm','Afoxolaner, Antifungal'),(80289,'2022-06-19',29,900568,2211729,'F',11,'FHV-1, FCV, FPV','Unneutered','',''),(80290,'2022-04-30',3,900570,2983424,'F',13,'FHV-1, FCV, FPV','Spayed','Fleas, Ringworm','Afoxolaner, Antifungal'),(80291,'2022-06-18',3,900572,7314535,'F',9,'FHV-1, FCV, FPV','Spayed','',''),(80292,'2023-02-05',3,900574,5283861,'F',16,'CDV, CAV-2, CPV,CPiV, Bordetella bronchiseptica','Spayed','Heartworm','Melarsomine'),(80293,'2022-11-10',3,900576,53452,'M',13,'CDV, CAV-2, CPV,CPiV, Bordetella bronchiseptica','Unneutered','',''),(80294,'2023-01-03',29,900578,5030641,'M',5,'CDV, CAV-2, CPV,CPiV, Bordetella bronchiseptica','Unneutered','',''),(80295,'2022-11-12',29,900580,2164458,'M',10,'FHV-1, FCV, FPV','Unneutered','',''),(80296,'2023-02-22',3,900582,1935968,'M',13,'CDV, CAV-2, CPV,CPiV, Bordetella bronchiseptica','Unneutered','Heartworm','Melarsomine'),(80297,'2022-01-19',3,900584,2711342,'M',11,'CDV, CAV-2, CPV,CPiV, Bordetella bronchiseptica','Unneutered','',''),(80298,'2022-03-15',3,900586,5551284,'F',7,'FHV-1, FCV, FPV','Unneutered','',''),(80299,'2022-10-19',3,900588,449011,'F',9,'FHV-1, FCV, FPV','Spayed','Fleas, Cancer',''),(80300,'2022-04-12',3,900590,2462674,'M',44,'CDV, CAV-2, CPV,CPiV, Bordetella bronchiseptica','Unneutered','',''),(80301,'2022-10-27',29,900592,6881355,'M',26,'CDV, CAV-2, CPV,CPiV, Bordetella bronchiseptica','Unneutered','Ringworm','Antifungal'),(80302,'2022-03-07',3,900594,405983,'M',69,'CDV, CAV-2, CPV,CPiV, Bordetella bronchiseptica','Unneutered','',''),(80303,'2022-02-02',3,900596,126589,'M',53,'CDV, CAV-2, CPV,CPiV, Bordetella bronchiseptica','Neutered','',''),(80304,'2022-02-03',3,900598,5747604,'M',14,'CDV, CAV-2, CPV,CPiV, Bordetella bronchiseptica','Unneutered','Fleas, Heartworm',''),(80305,'2022-01-28',3,900600,9044089,'F',331,'','Spayed','',''),(80306,'2022-10-01',3,900602,7562931,'F',6,'FHV-1, FCV, FPV','Unneutered','',''),(80307,'2022-02-10',3,900604,4085037,'F',11,'FHV-1, FCV, FPV','Pregnant','Cancer',''),(80308,'2022-05-25',29,900606,3247821,'F',67,'CDV, CAV-2, CPV,CPiV, Bordetella bronchiseptica','Unneutered','',''),(80309,'2022-02-08',3,900608,1242089,'F',12,'CDV, CAV-2, CPV, Bordetella bronchiseptica','Unneutered','',''),(80310,'2022-05-28',29,900610,990654,'F',11,'FHV-1, FCV, FPV','Unneutered','Fleas, Ringworm','Afoxolaner, Antifungal'),(80311,'2022-12-12',29,900612,7370796,'F',14,'FHV-1, FCV, FPV','Unneutered','Fleas, Ringworm','Afoxolaner, Antifungal'),(80312,'2022-05-11',3,900614,8765156,'M',33,'CDV, CAV-2, CPV,CPiV, Bordetella bronchiseptica','Neutered','',''),(80313,'2022-06-08',29,900616,7689963,'M',47,'CDV, CAV-2, CPV,CPiV, Bordetella bronchiseptica','Unneutered','',''),(80314,'2022-03-19',3,900618,6253371,'M',13,'CDV, CAV-2, CPV,CPiV, Bordetella bronchiseptica','Unneutered','',''),(80315,'2022-08-19',3,900620,6116249,'F',10,'FHV-1, FCV, FPV','Spayed','',''),(80316,'2022-01-16',3,900622,8100523,'F',9,'FHV-1, FCV, FPV','Spayed','Toxoplasmosis','clindamycin'),(80317,'2022-10-02',3,900624,1875088,'F',11,'','Unneutered','',''),(80318,'2022-11-22',29,900626,3170057,'M',79,'','Neutered','',''),(80319,'2022-07-26',29,900628,4569714,'M',48,'CDV, CAV-2, CPV,CPiV, Bordetella bronchiseptica','Unneutered','',''),(80320,'2022-02-12',3,900630,8550146,'M',34,'CAV-2, CPV, Bordetella bronchiseptica','Unneutered','',''),(80321,'2022-02-07',3,900632,4201844,'F',16,'','Spayed','',''),(80322,'2022-07-06',29,900634,2891488,'F',13,'FHV-1, FCV, FPV','Unneutered','',''),(80323,'2022-04-02',3,900636,7963306,'F',7,'FHV-1, FCV, FPV','Spayed','',''),(80324,'2022-05-25',29,900638,3330373,'F',77,'CDV, CAV-2, CPV,CPiV, Bordetella bronchiseptica','Unneutered','',''),(80325,'2022-11-11',29,900640,3651610,'F',9,'','Spayed','',''),(80326,'2022-09-15',3,900642,3718824,'F',29,'','Pregnant','',''),(80327,'2022-03-09',3,900644,3026959,'F',8,'FHV-1, FCV, FPV','Spayed','Fleas, Ringworm','Afoxolaner, Antifungal'),(80328,'2022-10-07',29,900646,178256,'F',14,'FHV-1, FCV, FPV','Unneutered','Fleas','Afloxolaner'),(80329,'2022-08-01',29,900648,5564919,'M',10,'CDV, CAV-2, CPV,CPiV, Bordetella bronchiseptica','Unneutered','',''),(80330,'2022-06-21',29,900650,5532356,'M',5,'CDV, CAV-2, CPV,CPiV, Bordetella bronchiseptica','Neutered','Fleas, Ticks','Afoxolaner'),(80331,'2022-05-20',3,900652,2176745,'F',17,'CDV, CAV-2, CPV,CPiV, Bordetella bronchiseptica','Spayed','',''),(80332,'2022-09-03',29,900654,3033116,'F',6,'FHV-1, FCV, FPV','Unneutered','',''),(80333,'2023-02-11',3,900656,8266972,'F',864,'','Spayed','',''),(80334,'2022-02-28',3,900658,206864,'F',51,'CDV, CAV-2, CPV,CPiV, Bordetella bronchiseptica','Unneutered','',''),(80335,'2022-10-28',29,900660,5277076,'F',7,'CDV, CAV-2, CPV,CPiV, Bordetella bronchiseptica','Unneutered','Fleas','Afloxolaner'),(80336,'2022-11-28',3,900662,6225722,'F',14,'FHV-1, FCV, FPV','Unneutered','Fleas, Ringworm','Afoxolaner, Antifungal'),(80337,'2023-02-26',29,900664,590267,'M',11,'CDV, CAV-2, CPV,CPiV, Bordetella bronchiseptica','Neutered','',''),(80338,'2022-07-17',3,900666,7681951,'M',7,'CDV, CAV-2, CPV,CPiV, Bordetella bronchiseptica','Unneutered','',''),(80339,'2022-02-21',3,900668,3847737,'F',11,'FHV-1, FCV, FPV','Unneutered','',''),(80340,'2022-06-09',29,900670,7235499,'M',20,'CDV, CAV-2, CPV,CPiV, Bordetella bronchiseptica','Unneutered','',''),(80341,'2022-12-16',3,900672,567330,'F',752,'','Unneutered','',''),(80342,'2022-02-01',3,900674,3726022,'M',15,'CDV, CAV-2, CPV,CPiV, Bordetella bronchiseptica','Unneutered','',''),(80343,'2022-04-09',3,900676,8508482,'M',19,'CDV, CAV-2, CPV,CPiV, Bordetella bronchiseptica','Neutered','',''),(80344,'2022-02-25',3,900678,7360930,'M',9,'FHV-1, FCV, FPV','Unneutered','',''),(80345,'2022-11-10',3,900680,2727704,'F',11,'FHV-1, FCV, FPV','Spayed','Fleas','Afloxolaner'),(80346,'2022-11-29',3,900682,8481486,'F',7,'FHV-1, FCV, FPV','Unneutered','',''),(80347,'2022-11-02',29,900684,826882,'M',17,'CDV, CAV-2, CPV,CPiV, Bordetella bronchiseptica','Unneutered','Fleas, Ticks, Scabies','Afloxolaner, Permethrin Cream'),(80348,'2022-05-03',3,900686,1707832,'M',10,'CDV, CAV-2, CPV,CPiV, Bordetella bronchiseptica','Unneutered','',''),(80349,'2022-08-04',29,900688,2333169,'F',24,'','Spayed','',''),(80350,'2023-01-25',29,900690,4202539,'F',8,'FHV-1, FCV, FPV','Spayed','',''),(80351,'2022-12-19',29,900692,7455472,'M',35,'CDV, CAV-2, CPV,CPiV, Bordetella bronchiseptica','Unneutered','',''),(80352,'2022-03-20',3,900694,2250480,'F',57,'CDV, CAV-2, CPV,CPiV, Bordetella bronchiseptica','Unneutered','Fleas, Scabies','Afoxolaner, Permethrin Cream'),(80353,'2023-01-12',29,900696,4782763,'F',8,'FHV-1, FCV, FPV','Unneutered','',''),(80354,'2022-11-18',3,900698,7653074,'F',59,'CDV, CAV-2, CPV,CPiV, Bordetella bronchiseptica','Spayed','',''),(80355,'2022-11-03',29,900700,3017880,'F',48,'CDV, CAV-2, CPV,CPiV, Bordetella bronchiseptica','Unneutered','',''),(80356,'2022-11-24',29,900702,4920808,'M',41,'CDV, CAV-2, CPV,CPiV, Bordetella bronchiseptica','Neutered','',''),(80357,'2022-08-29',29,900704,3954260,'M',56,'CDV, CAV-2, CPV,CPiV, Bordetella bronchiseptica','Unneutered','',''),(80358,'2022-12-26',3,900706,1722970,'M',16,'CDV, CAV-2, CPV,CPiV, Bordetella bronchiseptica','Unneutered','',''),(80359,'2022-08-24',29,900708,2591957,'F',6,'FHV-1, FCV, FPV','Unneutered','',''),(80360,'2022-12-22',29,900710,8359025,'M',25,'CDV, CAV-2, CPV,CPiV, Bordetella bronchiseptica','Neutered','',''),(80361,'2022-09-20',29,900712,266919,'M',49,'','Neutered','',''),(80362,'2022-11-21',3,900714,220436,'F',15,'FHV-1, FCV, FPV','Unneutered','',''),(80363,'2022-10-29',3,900716,22313,'M',4,'CDV, CAV-2, CPV,CPiV, Bordetella bronchiseptica','Unneutered','',''),(80364,'2022-07-09',3,900718,848496,'M',41,'CDV, CAV-2, CPV,CPiV, Bordetella bronchiseptica','Unneutered','',''),(80365,'2023-01-04',3,900720,3483590,'M',42,'CDV, CAV-2, CPV,CPiV, Bordetella bronchiseptica','Neutered','',''),(80366,'2022-01-11',3,900722,9120879,'M',36,'CDV, CAV-2, CPV,CPiV, Bordetella bronchiseptica','Unneutered','',''),(80367,'2022-01-03',3,900724,1322364,'F',5,'FHV-1, FCV, FPV','Unneutered','',''),(80368,'2022-12-20',3,900726,3525473,'M',7,'CDV, CAV-2, CPV,CPiV, Bordetella bronchiseptica','Unneutered','',''),(80369,'2022-08-22',3,900728,1192523,'M',71,'CDV, CAV-2, CPV,CPiV, Bordetella bronchiseptica','Unneutered','Fleas, Ringworm','Afoxolaner, Antifungal'),(80370,'2022-12-05',3,900730,9546179,'M',6,'CDV, CAV-2, CPV,CPiV, Bordetella bronchiseptica','Neutered','Scabies','Permethrin Cream'),(80371,'2022-12-31',29,900732,64849,'F',8,'FHV-1, FCV, FPV','Unneutered','',''),(80372,'2022-04-04',3,900734,8273723,'M',73,'CDV, CAV-2, CPV,CPiV, Bordetella bronchiseptica','Neutered','Fleas','Afloxolaner'),(80373,'2023-02-22',3,900736,4444101,'M',8,'CDV, CAV-2, CPV,CPiV, Bordetella bronchiseptica','Unneutered','',''),(80374,'2022-11-08',29,900738,462306,'F',15,'FHV-1, FCV, FPV','Unneutered','',''),(80375,'2022-10-05',29,900740,4120794,'M',45,'CDV, CAV-2, CPV,CPiV, Bordetella bronchiseptica','Neutered','',''),(80376,'2022-04-23',3,900742,7573578,'M',17,'CDV, CAV-2, CPV,CPiV, Bordetella bronchiseptica','Neutered','',''),(80377,'2022-02-04',3,900744,7852069,'M',25,'CDV, CAV-2, CPV,CPiV, Bordetella bronchiseptica','Unneutered','Ringworm, Scabies','Antifungal, Permethrin Cream');
/*!40000 ALTER TABLE `health_report` ENABLE KEYS */;
UNLOCK TABLES;

--
-- Table structure for table `positions`
--

DROP TABLE IF EXISTS `positions`;
/*!40101 SET @saved_cs_client     = @@character_set_client */;
/*!50503 SET character_set_client = utf8mb4 */;
CREATE TABLE `positions` (
  `Job_Position` varchar(80) NOT NULL,
  `Reporting_Position` varchar(80) DEFAULT NULL,
  `Min_Salary` decimal(15,2) DEFAULT NULL,
  `Max_Salary` decimal(15,2) DEFAULT NULL,
  PRIMARY KEY (`Job_Position`)
) ENGINE=InnoDB DEFAULT CHARSET=utf8mb4 COLLATE=utf8mb4_0900_ai_ci;
/*!40101 SET character_set_client = @saved_cs_client */;

--
-- Dumping data for table `positions`
--

LOCK TABLES `positions` WRITE;
/*!40000 ALTER TABLE `positions` DISABLE KEYS */;
INSERT INTO `positions` VALUES ('Animal Assistant ','Manager',8.00,11.00),('Animal Care Coordinaor','Manager',20.00,23.00),('Animal Care Specialist','Manager',10.00,14.00),('Behavior Specialist','Veterinarian Manager',30.00,35.00),('CEO','None',80.00,90.00),('Director of Operations','CEO',32.00,35.00),('Manager','CEO',25.00,30.00),('Veterinarian','Veterinarian Manager',35.00,40.00),('Veterinarian Manager','Director of Operations',40.00,42.00),('Veterinary Technician','Veterinarian Manager',18.00,25.00);
/*!40000 ALTER TABLE `positions` ENABLE KEYS */;
UNLOCK TABLES;

--
-- Table structure for table `shelter`
--

DROP TABLE IF EXISTS `shelter`;
/*!40101 SET @saved_cs_client     = @@character_set_client */;
/*!50503 SET character_set_client = utf8mb4 */;
CREATE TABLE `shelter` (
  `ID` int NOT NULL,
  `Shelter_Name` varchar(100) DEFAULT NULL,
  `phone_no` varchar(13) DEFAULT NULL,
  `fax_no` varchar(13) DEFAULT NULL,
  `Email` varchar(80) DEFAULT NULL,
  PRIMARY KEY (`ID`)
) ENGINE=InnoDB DEFAULT CHARSET=utf8mb4 COLLATE=utf8mb4_0900_ai_ci;
/*!40101 SET character_set_client = @saved_cs_client */;

--
-- Dumping data for table `shelter`
--

LOCK TABLES `shelter` WRITE;
/*!40000 ALTER TABLE `shelter` DISABLE KEYS */;
INSERT INTO `shelter` VALUES (1,'The Samson Animal Shelter','555-555-5555','444-444-4444','adopt@thesamsonanimalshelter.com');
/*!40000 ALTER TABLE `shelter` ENABLE KEYS */;
UNLOCK TABLES;

--
-- Table structure for table `shelter_hours`
--

DROP TABLE IF EXISTS `shelter_hours`;
/*!40101 SET @saved_cs_client     = @@character_set_client */;
/*!50503 SET character_set_client = utf8mb4 */;
CREATE TABLE `shelter_hours` (
  `Shelter_ID` int NOT NULL,
  `Monday_Open` time DEFAULT NULL,
  `Monday_Close` time DEFAULT NULL,
  `Tuesday_Open` time DEFAULT NULL,
  `Tuesday_Close` time DEFAULT NULL,
  `Wednesday_Open` time DEFAULT NULL,
  `Wednesday_Close` time DEFAULT NULL,
  `Thursday_Open` time DEFAULT NULL,
  `Thursday_Close` time DEFAULT NULL,
  `Friday_Open` time DEFAULT NULL,
  `Friday_close` time DEFAULT NULL,
  `Saturday_Open` time DEFAULT NULL,
  `Saturday_Close` time DEFAULT NULL,
  `Sunday_Open` time DEFAULT NULL,
  `Sunday_Close` time DEFAULT NULL,
  PRIMARY KEY (`Shelter_ID`),
  CONSTRAINT `shelter_hours_ibfk_1` FOREIGN KEY (`Shelter_ID`) REFERENCES `shelter` (`ID`)
) ENGINE=InnoDB DEFAULT CHARSET=utf8mb4 COLLATE=utf8mb4_0900_ai_ci;
/*!40101 SET character_set_client = @saved_cs_client */;

--
-- Dumping data for table `shelter_hours`
--

LOCK TABLES `shelter_hours` WRITE;
/*!40000 ALTER TABLE `shelter_hours` DISABLE KEYS */;
INSERT INTO `shelter_hours` VALUES (1,'09:00:00','15:00:00','09:00:00','15:00:00','09:00:00','15:00:00','09:00:00','15:00:00','09:00:00','15:00:00','09:00:00','15:00:00','09:00:00','13:00:00');
/*!40000 ALTER TABLE `shelter_hours` ENABLE KEYS */;
UNLOCK TABLES;

--
-- Table structure for table `visitor`
--

DROP TABLE IF EXISTS `visitor`;
/*!40101 SET @saved_cs_client     = @@character_set_client */;
/*!50503 SET character_set_client = utf8mb4 */;
CREATE TABLE `visitor` (
  `Shelter_ID` int NOT NULL,
  `Visitor_Name` varchar(50) NOT NULL,
  `Visit_Date` date NOT NULL,
  `Visit_Time` time NOT NULL,
  PRIMARY KEY (`Visitor_Name`),
  KEY `Shelter_ID` (`Shelter_ID`),
  CONSTRAINT `visitor_ibfk_1` FOREIGN KEY (`Shelter_ID`) REFERENCES `shelter` (`ID`)
) ENGINE=InnoDB DEFAULT CHARSET=utf8mb4 COLLATE=utf8mb4_0900_ai_ci;
/*!40101 SET character_set_client = @saved_cs_client */;

--
-- Dumping data for table `visitor`
--

LOCK TABLES `visitor` WRITE;
/*!40000 ALTER TABLE `visitor` DISABLE KEYS */;
INSERT INTO `visitor` VALUES (1,'Abbi Walworche','2022-06-10','11:12:00'),(1,'Abey Naul','2022-06-04','10:02:00'),(1,'Abramo Hargey','2022-12-10','13:02:00'),(1,'Adorne Friday','2022-02-19','09:53:00'),(1,'Agna McAw','2022-07-09','11:38:00'),(1,'Agnola Vedyaev','2022-10-19','10:54:00'),(1,'Agretha Grimes','2022-09-26','13:56:00'),(1,'Aguste Shah','2022-03-09','13:39:00'),(1,'Alaster Langrish','2022-03-31','13:42:00'),(1,'Alfred MacRory','2022-07-23','12:00:00'),(1,'Allin Markson','2022-02-03','14:07:00'),(1,'Allyn Rosi','2023-01-31','12:31:00'),(1,'Allyson Flaunders','2022-02-22','10:53:00'),(1,'Almeta McLernon','2022-12-17','14:35:00'),(1,'Alphonso Everleigh','2022-08-05','13:23:00'),(1,'Alyssa Blood','2022-11-21','14:36:00'),(1,'Amalie Hickisson','2022-11-05','09:48:00'),(1,'Anabella Hedylstone','2022-11-08','09:17:00'),(1,'Anastassia Casebourne','2022-03-03','14:58:00'),(1,'Andee Bramble','2022-06-15','10:05:00'),(1,'Andreas Feron','2022-06-02','09:57:00'),(1,'Anton Shadrach','2022-01-08','12:03:00'),(1,'Antonietta Corington','2023-02-03','09:39:00'),(1,'Aprilette Marjoram','2022-08-25','13:33:00'),(1,'Ara Ivashkov','2022-04-08','14:14:00'),(1,'Arabella Arger','2022-06-07','10:56:00'),(1,'Archibold Sanderson','2022-04-29','12:33:00'),(1,'Ardeen Cardoo','2022-07-30','12:16:00'),(1,'Athena Duffitt','2022-07-05','14:52:00'),(1,'Augusto Borland','2022-05-21','14:56:00'),(1,'Aymer Mallard','2022-05-19','09:32:00'),(1,'Bab Nowlan','2022-08-04','14:16:00'),(1,'Barbey Draye','2022-11-26','09:41:00'),(1,'Barty O\'Mohun','2023-01-20','09:03:00'),(1,'Becca De Carteret','2022-07-09','14:54:00'),(1,'Becky Coughlin','2022-06-13','14:43:00'),(1,'Benedetto Marshfield','2022-05-17','12:46:00'),(1,'Bernelle Pietraszek','2022-01-29','13:36:00'),(1,'Bernie Vicker','2022-06-17','11:57:00'),(1,'Bertram Macy','2022-09-16','14:02:00'),(1,'Bette Gauden','2022-11-16','14:38:00'),(1,'Binny Stranieri','2022-10-08','10:57:00'),(1,'Blinni Hyne','2022-02-03','13:48:00'),(1,'Bliss Weth','2022-08-10','10:49:00'),(1,'Bogey Bratten','2022-03-28','12:53:00'),(1,'Bogey Tomblett','2022-01-15','10:44:00'),(1,'Bonita Lorente','2022-02-25','12:44:00'),(1,'Bonni Covill','2022-03-12','14:50:00'),(1,'Bran Tregidga','2022-01-11','09:32:00'),(1,'Brande Enderwick','2022-07-06','11:00:00'),(1,'Brina Wareing','2022-01-06','11:42:00'),(1,'Brooke Fisby','2022-08-05','14:58:00'),(1,'Brooks Beart','2022-01-14','13:10:00'),(1,'Byron Raylton','2022-01-11','09:33:00'),(1,'Caesar Renbold','2022-05-03','12:56:00'),(1,'Callida Yonge','2022-09-03','12:13:00'),(1,'Calvin Capineer','2022-05-16','11:41:00'),(1,'Care Cowlard','2022-11-19','13:33:00'),(1,'Carma Hitscher','2022-12-05','13:10:00'),(1,'Caryl Inott','2022-05-09','14:20:00'),(1,'Cazzie Enright','2022-12-08','13:18:00'),(1,'Cecilla McNamara','2022-06-04','12:29:00'),(1,'Celine Whacket','2022-06-03','11:44:00'),(1,'Chad Webling','2022-08-12','12:08:00'),(1,'Chantal Epine','2022-10-18','13:08:00'),(1,'Charlotte Camacho','2022-11-04','14:48:00'),(1,'Chastity Dagon','2022-05-13','11:18:00'),(1,'Chris Bartolommeo','2022-09-02','13:48:00'),(1,'Christoffer Spilstead','2022-08-29','14:11:00'),(1,'Ciel Kleinzweig','2022-09-26','10:59:00'),(1,'Cilka Lambin','2022-09-30','14:48:00'),(1,'Clarence Bonhome','2022-04-09','13:57:00'),(1,'Clari Gerram','2022-07-11','11:43:00'),(1,'Claudine Trow','2022-08-03','09:11:00'),(1,'Clayborne Barwise','2022-07-08','10:56:00'),(1,'Clementia Licciardi','2023-01-27','10:23:00'),(1,'Cleveland Brevetor','2022-07-16','12:29:00'),(1,'Conny Howick','2022-09-20','10:15:00'),(1,'Conrade Filipowicz','2022-12-03','14:24:00'),(1,'Corby Mehaffey','2022-03-29','13:16:00'),(1,'Cornall Jumel','2022-09-13','09:01:00'),(1,'Corrinne Syddon','2022-11-25','12:50:00'),(1,'Courtnay Hartnell','2022-12-08','10:41:00'),(1,'Creigh Hart','2022-03-03','12:47:00'),(1,'Curran Scorey','2022-06-24','13:45:00'),(1,'Cyril Andrag','2022-07-13','10:50:00'),(1,'Cyrill Bicksteth','2022-09-26','11:58:00'),(1,'Dale Graeber','2022-08-13','10:22:00'),(1,'Dalston Causley','2022-04-07','13:25:00'),(1,'Dane Girdwood','2022-01-14','10:30:00'),(1,'Daniele Houchin','2022-03-12','12:28:00'),(1,'Danyelle Penhalurick','2022-03-18','09:14:00'),(1,'Darrelle Marikhin','2022-11-01','11:11:00'),(1,'Darrin O\'Cooney','2022-09-27','12:32:00'),(1,'Davy Ximenez','2022-10-22','10:46:00'),(1,'De witt Goshawke','2022-09-03','13:40:00'),(1,'Deanna Bath','2022-09-22','11:21:00'),(1,'Debee Towey','2022-05-02','11:58:00'),(1,'Decca Hammonds','2023-01-13','12:17:00'),(1,'Dede Mc Kellen','2022-03-28','09:29:00'),(1,'Dee dee Coles','2022-07-09','12:21:00'),(1,'Demetri Larkby','2022-09-17','12:10:00'),(1,'Denice Skelbeck','2023-02-06','09:32:00'),(1,'Dennie Edginton','2022-07-15','12:25:00'),(1,'Derrick Fleet','2022-06-16','13:00:00'),(1,'Dietrich Stave','2022-12-01','13:54:00'),(1,'Dillie Vassar','2023-01-09','14:12:00'),(1,'Dolph Greenhalf','2022-12-01','11:21:00'),(1,'Donella Sayburn','2022-03-30','14:53:00'),(1,'Donica Ickovits','2022-04-19','11:18:00'),(1,'Doralin Mouncey','2022-04-01','13:37:00'),(1,'Dorita Widdecombe','2022-09-21','09:22:00'),(1,'Drona Dykes','2022-01-14','09:20:00'),(1,'Dulcy Hughes','2022-12-02','10:02:00'),(1,'Dyane Attew','2022-04-19','12:36:00'),(1,'Ealasaid Kahn','2023-01-03','14:45:00'),(1,'Eddi King','2022-06-07','11:35:00'),(1,'Edeline Thon','2022-12-26','11:45:00'),(1,'Edvard Compton','2022-11-22','13:41:00'),(1,'Elisha Maudling','2023-01-10','12:08:00'),(1,'Elliot Etchingham','2022-11-03','10:01:00'),(1,'Ellwood Mecchi','2022-11-10','09:06:00'),(1,'Elnora Kilshaw','2022-01-24','11:41:00'),(1,'Elora Chapell','2022-12-14','12:59:00'),(1,'Emilia Patience','2022-12-22','11:50:00'),(1,'Emmet Acklands','2023-01-13','09:48:00'),(1,'Enrique Lawerence','2022-08-18','11:36:00'),(1,'Ermentrude Tilio','2022-05-03','11:27:00'),(1,'Ernest Cronin','2022-08-11','10:20:00'),(1,'Eula Byart','2022-03-02','09:30:00'),(1,'Ev Spelwood','2022-04-30','10:12:00'),(1,'Evelyn Haet','2022-04-07','10:16:00'),(1,'Ewen Piscotti','2022-08-12','09:31:00'),(1,'Fairlie Mourton','2022-12-15','11:53:00'),(1,'Felicio Gerrey','2022-01-10','11:44:00'),(1,'Fields Tranckle','2022-06-28','13:22:00'),(1,'Filia Farden','2022-08-23','12:28:00'),(1,'Frannie Rodenburg','2022-02-14','13:43:00'),(1,'Fransisco Povele','2022-03-15','14:20:00'),(1,'Gabby Ellerton','2022-07-14','13:09:00'),(1,'Gabriell Henryson','2022-08-24','14:16:00'),(1,'Garfield Prott','2022-10-05','09:28:00'),(1,'Gavrielle Fishbourne','2022-07-26','10:16:00'),(1,'Geoff Zorzutti','2022-02-26','11:29:00'),(1,'Geoffrey Rosekilly','2022-11-11','10:29:00'),(1,'Georgena Tyler','2022-06-06','14:00:00'),(1,'Gerard Rayner','2022-02-03','11:47:00'),(1,'Giff Irnis','2022-11-05','09:12:00'),(1,'Gill Charette','2022-08-19','10:33:00'),(1,'Ginevra Wybron','2022-09-09','09:26:00'),(1,'Ginger Grigson','2022-07-22','11:37:00'),(1,'Ginnie Lydden','2022-12-06','13:59:00'),(1,'Gizela Stiggles','2023-02-01','13:44:00'),(1,'Goddart Catford','2022-11-28','14:41:00'),(1,'Granville Skunes','2022-10-14','12:20:00'),(1,'Grata Arundell','2022-03-11','09:23:00'),(1,'Guenna Scinelli','2022-11-23','14:39:00'),(1,'Gunilla Digman','2023-02-03','12:53:00'),(1,'Gussie Kenan','2022-11-09','11:57:00'),(1,'Harper Clewes','2022-08-02','10:06:00'),(1,'Harrietta Nutten','2022-05-19','11:46:00'),(1,'Harriot Knappen','2022-12-13','09:42:00'),(1,'Haslett Kennaird','2022-02-05','12:10:00'),(1,'Hastie McClelland','2022-02-19','11:14:00'),(1,'Helen-elizabeth Cousans','2022-09-16','09:20:00'),(1,'Helenka Morrallee','2022-03-17','14:33:00'),(1,'Hephzibah Mell','2022-07-08','11:59:00'),(1,'Hilary Bruyntjes','2023-01-06','09:07:00'),(1,'Hildegaard Hultberg','2022-05-20','12:07:00'),(1,'Humfried Sleightholme','2023-02-02','12:45:00'),(1,'Hyacinth Colling','2022-07-30','09:44:00'),(1,'Hyacinthe Hiskey','2022-03-18','09:36:00'),(1,'Ibrahim Beckham','2022-11-02','09:25:00'),(1,'Ike Seacroft','2022-03-14','13:20:00'),(1,'Ikey Bramsen','2022-06-22','12:07:00'),(1,'Isacco Malinson','2022-09-06','14:25:00'),(1,'Isadora Najafian','2022-03-07','12:45:00'),(1,'Jacques Tomet','2022-05-19','11:48:00'),(1,'Jamesy Pummery','2022-09-30','13:26:00'),(1,'Jannelle Stubbeley','2022-11-10','12:02:00'),(1,'Jarad Feld','2023-01-07','11:13:00'),(1,'Jarret Rulten','2022-04-20','14:38:00'),(1,'Jarrod Staite','2022-07-08','14:39:00'),(1,'Joann Vowden','2022-08-02','10:39:00'),(1,'Joela Hulmes','2023-01-14','10:13:00'),(1,'Joete Janowicz','2022-04-14','10:21:00'),(1,'Jolee Foxall','2022-01-04','10:07:00'),(1,'Joseph Moret','2022-06-07','10:29:00'),(1,'Joyous Burg','2022-08-05','11:08:00'),(1,'Julian Salasar','2022-12-26','10:05:00'),(1,'Karine Mitkov','2022-08-06','14:30:00'),(1,'Karisa Dunrige','2022-06-17','13:46:00'),(1,'Kassey Carrodus','2022-10-31','12:06:00'),(1,'Katina Liff','2022-07-23','11:19:00'),(1,'Katti McCaughren','2022-04-30','09:47:00'),(1,'Katuscha Peggrem','2022-07-13','13:42:00'),(1,'Kelila Bewicke','2022-11-01','12:55:00'),(1,'Kial McVicker','2022-04-29','13:56:00'),(1,'Kikelia Bartholomaus','2022-11-19','14:22:00'),(1,'Kirby Blose','2022-06-20','12:05:00'),(1,'Kiri Grimwad','2022-03-19','11:04:00'),(1,'Kizzee Weatherby','2022-10-14','11:45:00'),(1,'Krispin Quainton','2022-05-30','10:30:00'),(1,'Kristel Mann','2023-01-20','12:48:00'),(1,'Kristofor Gueste','2023-01-03','11:38:00'),(1,'Lamont McCaughren','2022-06-27','12:25:00'),(1,'Lanny Wormald','2022-06-20','13:12:00'),(1,'Laurie Dalmon','2022-11-04','09:04:00'),(1,'Lauryn Isaksson','2022-10-18','10:50:00'),(1,'Leigh Lode','2022-06-29','10:34:00'),(1,'Leonhard Bronot','2022-12-14','09:17:00'),(1,'Leroy Jendrys','2022-04-23','10:47:00'),(1,'Lesley Willgrass','2022-06-11','09:08:00'),(1,'Lexi Soutter','2023-02-08','11:48:00'),(1,'Liesa Coils','2022-01-18','13:51:00'),(1,'Linus Marquiss','2022-03-16','13:29:00'),(1,'Lloyd Roxbee','2022-07-20','13:46:00'),(1,'Lonna Tootell','2022-06-17','10:29:00'),(1,'Lonnard Calvard','2022-02-16','12:27:00'),(1,'Lorrie Cornelius','2022-01-06','13:15:00'),(1,'Lucian Tremayle','2022-07-06','09:41:00'),(1,'Maitilde Cozzi','2022-02-19','12:05:00'),(1,'Mano Sterry','2022-08-23','14:11:00'),(1,'Marcelle Niemetz','2022-12-15','11:40:00'),(1,'Margret Keston','2022-12-26','14:02:00'),(1,'Marianne Linden','2022-02-03','14:31:00'),(1,'Marius Regler','2022-04-26','11:36:00'),(1,'Marla Barclay','2022-06-08','13:19:00'),(1,'Marleah Hand','2022-03-01','14:21:00'),(1,'Marley McKeller','2022-05-25','11:39:00'),(1,'Martha Devinn','2022-05-16','14:55:00'),(1,'Martie Uglow','2022-10-17','11:51:00'),(1,'Matthiew Itzig','2023-01-14','14:17:00'),(1,'Maury Dennidge','2022-02-21','11:06:00'),(1,'May McDavid','2022-05-18','14:26:00'),(1,'Mayer Mandifield','2022-02-11','13:45:00'),(1,'Meaghan Wiseman','2022-02-17','12:20:00'),(1,'Mechelle Tabbernor','2022-07-06','13:08:00'),(1,'Melisenda Lidgett','2022-09-24','10:09:00'),(1,'Mellisent Brandrick','2022-12-22','10:11:00'),(1,'Melosa Sherebrook','2022-09-30','10:48:00'),(1,'Micheline Hatz','2022-03-11','09:33:00'),(1,'Mikey Guise','2022-12-20','09:52:00'),(1,'Mina Loveitt','2022-07-20','12:53:00'),(1,'Minne Standeven','2022-05-20','09:24:00'),(1,'Minor Janse','2022-07-09','14:26:00'),(1,'Moira Morey','2022-02-03','14:28:00'),(1,'Mona Neylon','2023-01-06','12:01:00'),(1,'Morna McMeyler','2022-12-21','13:22:00'),(1,'Myrtle Coite','2023-01-18','13:01:00'),(1,'Nancey Cruickshank','2022-01-08','10:15:00'),(1,'Nichols Jedraszczyk','2022-11-09','11:42:00'),(1,'Nissa Drivers','2022-04-05','13:59:00'),(1,'Nissie Borsi','2022-02-10','13:01:00'),(1,'Noel Ghidini','2023-02-06','10:00:00'),(1,'Nola Probbing','2022-01-27','10:10:00'),(1,'Oby Jacquet','2022-03-03','14:59:00'),(1,'Odelia Lambrecht','2022-11-12','12:00:00'),(1,'Olly Yeldham','2022-09-15','09:57:00'),(1,'Olvan Helks','2022-12-16','09:44:00'),(1,'Ondrea McCauley','2023-01-27','11:34:00'),(1,'Orion Lydon','2022-01-28','12:24:00'),(1,'Pammie Polack','2022-12-08','13:46:00'),(1,'Pascal Tilberry','2022-05-10','12:18:00'),(1,'Patin Stourton','2022-11-25','09:44:00'),(1,'Paton Yukhnevich','2023-01-30','10:49:00'),(1,'Pearce Dawtry','2022-05-10','13:55:00'),(1,'Perle Ladbury','2022-09-09','11:43:00'),(1,'Peter Rove','2022-06-06','09:45:00'),(1,'Philip Batcheldor','2022-03-25','10:56:00'),(1,'Phillida Tarplee','2022-12-30','14:26:00'),(1,'Pia Greendale','2023-01-07','09:15:00'),(1,'Prentice Fowley','2022-08-04','12:47:00'),(1,'Rafaellle Penner','2022-03-23','11:15:00'),(1,'Rafi Worling','2022-05-03','11:51:00'),(1,'Ram Ramsted','2022-06-13','13:46:00'),(1,'Randie Davoren','2022-04-06','09:54:00'),(1,'Ranna Moiser','2022-10-11','10:19:00'),(1,'Ray Bithany','2022-09-19','10:12:00'),(1,'Reade Alten','2023-01-19','13:29:00'),(1,'Retha Passfield','2022-07-12','13:05:00'),(1,'Riannon Lamers','2022-09-06','12:22:00'),(1,'Richmound Libermore','2022-07-22','13:40:00'),(1,'Ricki Glenwright','2022-11-09','09:17:00'),(1,'Robbert Verne','2022-07-13','09:27:00'),(1,'Robby Toyer','2022-08-30','10:00:00'),(1,'Robinette Locke','2022-06-11','14:54:00'),(1,'Rochester Fallanche','2022-04-23','10:37:00'),(1,'Rodolph Abson','2022-04-04','11:48:00'),(1,'Rogerio Whittock','2022-04-25','13:17:00'),(1,'Roman Hounson','2022-01-21','12:38:00'),(1,'Rosalie Butts','2022-05-20','12:11:00'),(1,'Rosalind Barrowclough','2022-07-21','14:33:00'),(1,'Rourke Goskar','2022-09-03','10:41:00'),(1,'Rouvin Kremer','2022-10-20','14:20:00'),(1,'Roxana Eaglesham','2022-12-23','12:34:00'),(1,'Roxane Morrallee','2022-03-18','11:08:00'),(1,'Rubia Ravilious','2022-10-12','11:10:00'),(1,'Rubina Eddleston','2022-06-07','09:02:00'),(1,'Salomone Tretwell','2022-10-31','11:53:00'),(1,'Sanders Schooley','2022-12-21','09:08:00'),(1,'Sandor Duchesne','2022-01-31','13:03:00'),(1,'Sapphire O\'Grada','2022-07-01','11:25:00'),(1,'Sarita Dreschler','2022-07-15','12:48:00'),(1,'Scarface Ewbanks','2022-03-11','14:53:00'),(1,'Sergei Iorillo','2022-07-29','09:31:00'),(1,'Seymour Deighan','2022-01-11','14:35:00'),(1,'Shamus Friedank','2022-04-21','10:12:00'),(1,'Shaughn Le Guin','2022-06-07','13:14:00'),(1,'Sheilakathryn Ponton','2022-06-03','11:04:00'),(1,'Sherwood Dowdell','2023-01-11','13:00:00'),(1,'Sherwynd Tilby','2022-04-04','11:01:00'),(1,'Sindee Symmers','2022-01-24','10:50:00'),(1,'Sisely Scase','2022-06-20','12:08:00'),(1,'Skye Mendenhall','2022-02-18','13:11:00'),(1,'Sly Wileman','2022-08-16','12:36:00'),(1,'Sonny Sexton','2023-01-06','11:28:00'),(1,'Stuart Canario','2022-11-29','11:50:00'),(1,'Sybille McCray','2022-09-16','14:16:00'),(1,'Teddi Sutlieff','2022-08-29','09:11:00'),(1,'Tedi Mounch','2022-07-14','13:01:00'),(1,'Thor Laing','2022-07-26','13:54:00'),(1,'Tiebold Keith','2022-09-09','13:25:00'),(1,'Tildy Sawyers','2022-03-16','10:25:00'),(1,'Timotheus Pople','2022-07-15','11:58:00'),(1,'Toby McGrory','2022-05-10','13:06:00'),(1,'Torrey Huddle','2022-06-20','13:48:00'),(1,'Traci Bothwell','2022-01-29','11:13:00'),(1,'Tuck Skillitt','2022-10-18','09:11:00'),(1,'Tyrone Kerman','2022-05-23','11:03:00'),(1,'Ulrick Boothman','2022-03-31','13:35:00'),(1,'Valdemar Wathell','2022-02-26','14:34:00'),(1,'Valida Warlton','2022-03-23','14:52:00'),(1,'Vasily Dyzart','2022-04-16','11:15:00'),(1,'Violetta Palmby','2022-10-03','10:16:00'),(1,'Ward Coldrick','2022-01-22','09:18:00'),(1,'Weston Kirkman','2023-02-06','10:23:00'),(1,'Willa Aloigi','2022-07-13','10:34:00'),(1,'Xenia Urridge','2022-09-21','09:07:00'),(1,'Ximenez Pantone','2022-05-12','14:27:00'),(1,'Zared Wyatt','2022-05-18','13:26:00'),(1,'Zonda Grief','2022-08-03','12:42:00');
/*!40000 ALTER TABLE `visitor` ENABLE KEYS */;
UNLOCK TABLES;
/*!40103 SET TIME_ZONE=@OLD_TIME_ZONE */;

/*!40101 SET SQL_MODE=@OLD_SQL_MODE */;
/*!40014 SET FOREIGN_KEY_CHECKS=@OLD_FOREIGN_KEY_CHECKS */;
/*!40014 SET UNIQUE_CHECKS=@OLD_UNIQUE_CHECKS */;
/*!40101 SET CHARACTER_SET_CLIENT=@OLD_CHARACTER_SET_CLIENT */;
/*!40101 SET CHARACTER_SET_RESULTS=@OLD_CHARACTER_SET_RESULTS */;
/*!40101 SET COLLATION_CONNECTION=@OLD_COLLATION_CONNECTION */;
/*!40111 SET SQL_NOTES=@OLD_SQL_NOTES */;

-- Dump completed on 2023-02-10 21:34:19
